record_id,domain,language_hint,feedback
R000000,interior,en,The driver seat heater stops working after 49 minutes of driving.
R000001,interior,en,"Ambient lighting flickers randomly at night, very distracting. <p>this is a complaint</p>"
R000002,interior,en,Center console armrest is loose and wobbles when leaning on it. VIN: WDB2030461A123456
R000003,interior,en,Steering wheel heater only warms the lower half of the rim.
R000004,interior,en,"Sunroof refuses to close in cold weather, error on dashboard."
R000005,interior,en,The driver seat heater stops working after 37 minutes of driving.
R000006,powertrain,de,Dieselpartikelfilter-Regeneration schlaegt wiederholt fehl. Mercedes please help.
R000007,interior,en,"Dome light stays on after locking the car, drains the 12v battery."
R000008,display_infotainment,en,"MBUX touchscreen freezes during navigation, requires reboot.  multiple   spaces   here  "
R000009,display_infotainment,pl,"Ekran MBUX zawiesza sie podczas nawigacji, wymaga restartu. Mercedes please help."
R000010,interior,en,"Ambient lighting flickers randomly at night, very distracting."
R000011,display_infotainment,de,MBUX-Bildschirm friert waehrend der Navigation ein.
R000012,interior,en,Passenger seat ventilation makes a loud rattling noise on bumpy roads. Please fix this asap.
R000013,display_infotainment,tr,MBUX dokunmatik ekran navigasyon sirasinda donuyor.
R000014,display_infotainment,pl,Apple CarPlay rozlacza sie co 31 minut. VIN: WDB2030461A123456
R000015,interior,en,Mirror auto-dimming feature does not work at night. Mercedes please help.
R000016,interior,en,Power window switch on driver door is unresponsive intermittently. !!!!!!
R000017,interior,en,Driver seat cushion has worn through after 25 months. Plate: B-MW 1234
R000018,interior,en,Passenger seat ventilation makes a loud rattling noise on bumpy roads.
R000019,interior,en,Cabin filter smells musty even after replacement.
R000020,display_infotainment,it,Lo schermo MBUX si blocca durante la navigazione.
R000021,display_infotainment,de,Hey Mercedes Sprachassistent versteht Befehle nicht.
R000022,interior,en,Driver seat cushion has worn through after 25 months.
R000023,interior,en,"Sunroof refuses to close in cold weather, error on dashboard. !!!!!!"
R000024,interior,en,Mirror auto-dimming feature does not work at night. !!!!!!
R000025,interior,en,"Dome light stays on after locking the car, drains the 12v battery. !!!!!!"
R000026,interior,en,Center console armrest is loose and wobbles when leaning on it.
R000027,interior,en,Steering wheel heater only warms the lower half of the rim.
R000028,display_infotainment,tr,Apple CarPlay her 46 dakikada bir baglantisi kesiliyor. VIN: WDB2030461A123456
R000029,interior,en,Cup holder cracked after 55 months of normal use.  multiple   spaces   here  
R000030,powertrain,en,Electric motor produces a humming noise when accelerating from stop.
R000031,display_infotainment,de,Hey Mercedes Sprachassistent versteht Befehle nicht.
R000032,interior,en,Mirror auto-dimming feature does not work at night. Plate: B-MW 1234
R000033,display_infotainment,de,MBUX-Bildschirm friert waehrend der Navigation ein.
R000034,interior,en,Steering wheel heater only warms the lower half of the rim. !!!!!!
R000035,interior,en,Power window switch on driver door is unresponsive intermittently.
R000036,interior,en,Climate control blows cold air on driver side and hot on passenger side. VIN: WDB2030461A123456
R000037,interior,en,"Dome light stays on after locking the car, drains the 12v battery. Mercedes please help."
R000038,display_infotainment,de,Hey Mercedes Sprachassistent versteht Befehle nicht. Please fix this asap.
R000039,interior,en,"Ambient lighting flickers randomly at night, very distracting. VIN: WDB2030461A123456"
R000040,interior,en,Cabin filter smells musty even after replacement.
R000041,display_infotainment,en,Burmester audio system has static noise on right rear speaker. !!!!!!
R000042,interior,en,"Glove box latch broke, lid will not stay closed. Mercedes please help."
R000043,interior,en,Steering wheel heater only warms the lower half of the rim. Mercedes please help.
R000044,interior,en,"Rear seat belt buckle is stuck, cannot release the belt. VIN: WDB2030461A123456"
R000045,interior,en,Climate control blows cold air on driver side and hot on passenger side.
R000046,interior,en,Passenger seat ventilation makes a loud rattling noise on bumpy roads. !!!!!!
R000047,display_infotainment,pl,Asystent glosowy Hey Mercedes nie rozpoznaje polecen.
R000048,powertrain,de,Der Turbolader pfeift laut bei hoher Drehzahl.
R000049,interior,en,"Ambient lighting flickers randomly at night, very distracting. Contact me at john.doe@example.com or +49 30 1234567."
R000050,interior,en,Center console armrest is loose and wobbles when leaning on it. <p>this is a complaint</p>
R000051,interior,en,Climate control blows cold air on driver side and hot on passenger side.  multiple   spaces   here  
R000052,interior,en,Mirror auto-dimming feature does not work at night.
R000053,display_infotainment,en,GPS navigation routes through closed roads repeatedly. !!!!!!
R000054,interior,en,"Sunroof refuses to close in cold weather, error on dashboard."
R000055,interior,en,"Ambient lighting flickers randomly at night, very distracting. VIN: WDB2030461A123456"
R000056,display_infotainment,es,La pantalla MBUX se congela durante la navegacion. VIN: WDB2030461A123456
R000057,display_infotainment,tr,MBUX dokunmatik ekran navigasyon sirasinda donuyor. Please fix this asap.
R000058,interior,en,Passenger seat ventilation makes a loud rattling noise on bumpy roads. Please fix this asap.
R000059,display_infotainment,fr,La camera de recul affiche un ecran noir.  multiple   spaces   here  
R000060,interior,en,The driver seat heater stops working after 17 minutes of driving. Plate: B-MW 1234
R000061,display_infotainment,en,Hey Mercedes voice assistant does not recognize commands. <p>this is a complaint</p>
R000062,interior,en,Passenger seat ventilation makes a loud rattling noise on bumpy roads.  multiple   spaces   here  
R000063,interior,en,"Ambient lighting flickers randomly at night, very distracting."
R000064,interior,en,Climate control blows cold air on driver side and hot on passenger side.
R000065,interior,en,Driver seat cushion has worn through after 40 months. Mercedes please help.
R000066,display_infotainment,es,La pantalla MBUX se congela durante la navegacion. VIN: WDB2030461A123456
R000067,powertrain,en,EV high voltage battery range dropped 47 percent after one winter.
R000068,interior,en,"Glove box latch broke, lid will not stay closed. !!!!!!"
R000069,interior,en,Mirror auto-dimming feature does not work at night. VIN: WDB2030461A123456
R000070,interior,en,"Sunroof refuses to close in cold weather, error on dashboard."
R000071,interior,en,The driver seat heater stops working after 39 minutes of driving. VIN: WDB2030461A123456
R000072,interior,en,"Sunroof refuses to close in cold weather, error on dashboard."
R000073,interior,en,"Glove box latch broke, lid will not stay closed."
R000074,interior,en,Mirror auto-dimming feature does not work at night.
R000075,display_infotainment,en,Hey Mercedes voice assistant does not recognize commands. VIN: WDB2030461A123456
R000076,interior,en,"Glove box latch broke, lid will not stay closed. Contact me at john.doe@example.com or +49 30 1234567."
R000077,interior,en,"Ambient lighting flickers randomly at night, very distracting. <p>this is a complaint</p>"
R000078,display_infotainment,da,Bakkamera viser sort skaerm naar jeg saetter i bakgear. Plate: B-MW 1234
R000079,interior,en,Cabin filter smells musty even after replacement. Contact me at john.doe@example.com or +49 30 1234567.
R000080,display_infotainment,en,Head-up display flickers in direct sunlight.
R000081,interior,en,Steering wheel heater only warms the lower half of the rim. Please fix this asap.
R000082,interior,en,"Rear seat belt buckle is stuck, cannot release the belt. <p>this is a complaint</p>"
R000083,interior,en,"Glove box latch broke, lid will not stay closed. !!!!!!"
R000084,interior,en,Steering wheel heater only warms the lower half of the rim. <p>this is a complaint</p>
R000085,interior,en,Driver seat cushion has worn through after 8 months.
R000086,interior,en,Climate control blows cold air on driver side and hot on passenger side. Contact me at john.doe@example.com or +49 30 1234567.
R000087,interior,en,"Ambient lighting flickers randomly at night, very distracting."
R000088,interior,en,Driver seat cushion has worn through after 6 months. Contact me at john.doe@example.com or +49 30 1234567.
R000089,display_infotainment,it,Lo schermo MBUX si blocca durante la navigazione. VIN: WDB2030461A123456
R000090,interior,en,"Glove box latch broke, lid will not stay closed. VIN: WDB2030461A123456"
R000091,display_infotainment,en,Hey Mercedes voice assistant does not recognize commands.  multiple   spaces   here  
R000092,display_infotainment,en,Wireless charger overheats and stops charging the phone. Mercedes please help.
R000093,interior,en,"Sunroof refuses to close in cold weather, error on dashboard. Mercedes please help."
R000094,display_infotainment,en,Wireless charger overheats and stops charging the phone. Mercedes please help.
R000095,interior,en,Steering wheel heater only warms the lower half of the rim.
R000096,display_infotainment,fr,"L ecran MBUX se fige pendant la navigation, redemarrage requis. Contact me at john.doe@example.com or +49 30 1234567."
R000097,interior,en,Center console armrest is loose and wobbles when leaning on it. <p>this is a complaint</p>
R000098,display_infotainment,da,Bluetooth-forbindelsen afbrydes hver gang bilen genstartes. !!!!!!
R000099,powertrain,en,"12v battery drains overnight, car will not start in the morning."
R000100,interior,en,The driver seat heater stops working after 39 minutes of driving. <p>this is a complaint</p>
R000101,interior,en,Center console armrest is loose and wobbles when leaning on it. Please fix this asap.
R000102,interior,en,"Dome light stays on after locking the car, drains the 12v battery. Contact me at john.doe@example.com or +49 30 1234567."
R000103,interior,en,Driver seat cushion has worn through after 35 months.
R000104,interior,en,Climate control blows cold air on driver side and hot on passenger side.
R000105,display_infotainment,en,Hey Mercedes voice assistant does not recognize commands. Plate: B-MW 1234
R000106,interior,en,Driver seat cushion has worn through after 17 months. Mercedes please help.
R000107,interior,en,Mirror auto-dimming feature does not work at night. Plate: B-MW 1234
R000108,interior,en,"Dome light stays on after locking the car, drains the 12v battery."
R000109,interior,en,Steering wheel heater only warms the lower half of the rim. !!!!!!
R000110,interior,en,Climate control blows cold air on driver side and hot on passenger side. Please fix this asap.
R000111,display_infotainment,en,Head-up display flickers in direct sunlight. !!!!!!
R000112,powertrain,en,Electric motor produces a humming noise when accelerating from stop.
R000113,interior,en,"Glove box latch broke, lid will not stay closed. !!!!!!"
R000114,interior,en,Cup holder cracked after 50 months of normal use.
R000115,interior,en,"Dome light stays on after locking the car, drains the 12v battery. Plate: B-MW 1234"
R000116,display_infotainment,en,Hey Mercedes voice assistant does not recognize commands. VIN: WDB2030461A123456
R000117,interior,en,Power window switch on driver door is unresponsive intermittently.
R000118,display_infotainment,it,Apple CarPlay si disconnette ogni 6 minuti.
R000119,interior,en,"Ambient lighting flickers randomly at night, very distracting. Contact me at john.doe@example.com or +49 30 1234567."
R000120,display_infotainment,pl,"Ekran MBUX zawiesza sie podczas nawigacji, wymaga restartu."
R000121,interior,en,Cabin filter smells musty even after replacement. !!!!!!
R000122,interior,en,"Glove box latch broke, lid will not stay closed. VIN: WDB2030461A123456"
R000123,interior,en,"Glove box latch broke, lid will not stay closed."
R000124,display_infotainment,en,Burmester audio system has static noise on right rear speaker.
R000125,interior,en,Passenger seat ventilation makes a loud rattling noise on bumpy roads. <p>this is a complaint</p>
R000126,interior,en,Power window switch on driver door is unresponsive intermittently.
R000127,interior,en,Center console armrest is loose and wobbles when leaning on it. Please fix this asap.
R000128,interior,en,"Glove box latch broke, lid will not stay closed."
R000129,interior,en,Power window switch on driver door is unresponsive intermittently.
R000130,interior,en,Steering wheel heater only warms the lower half of the rim.
R000131,interior,en,Cup holder cracked after 51 months of normal use.
R000132,interior,en,Power window switch on driver door is unresponsive intermittently.
R000133,powertrain,de,Dieselpartikelfilter-Regeneration schlaegt wiederholt fehl. <p>this is a complaint</p>
R000134,interior,en,The driver seat heater stops working after 9 minutes of driving.
R000135,display_infotainment,pl,"Ekran MBUX zawiesza sie podczas nawigacji, wymaga restartu."
R000136,interior,en,Driver seat cushion has worn through after 25 months. Plate: B-MW 1234
R000137,interior,en,Steering wheel heater only warms the lower half of the rim.
R000138,interior,en,Cup holder cracked after 59 months of normal use.  multiple   spaces   here  
R000139,display_infotainment,en,Apple CarPlay disconnects every 59 minutes when using maps. Please fix this asap.
R000140,interior,en,"Sunroof refuses to close in cold weather, error on dashboard. !!!!!!"
R000141,interior,en,Cabin filter smells musty even after replacement. VIN: WDB2030461A123456
R000142,display_infotainment,de,Rueckfahrkamera zeigt schwarzen Bildschirm beim Einlegen des Rueckwaertsgangs. Plate: B-MW 1234
R000143,powertrain,en,Electric motor produces a humming noise when accelerating from stop.
R000144,display_infotainment,fr,"L ecran MBUX se fige pendant la navigation, redemarrage requis."
R000145,display_infotainment,en,"MBUX touchscreen freezes during navigation, requires reboot."
R000146,powertrain,de,Der Turbolader pfeift laut bei hoher Drehzahl.  multiple   spaces   here  
R000147,display_infotainment,fr,"L ecran MBUX se fige pendant la navigation, redemarrage requis. !!!!!!"
R000148,display_infotainment,fr,"L ecran MBUX se fige pendant la navigation, redemarrage requis."
R000149,interior,en,Cabin filter smells musty even after replacement. <p>this is a complaint</p>
R000150,interior,en,Driver seat cushion has worn through after 4 months. Contact me at john.doe@example.com or +49 30 1234567.
R000151,interior,en,Driver seat cushion has worn through after 60 months. Contact me at john.doe@example.com or +49 30 1234567.
R000152,interior,en,Driver seat cushion has worn through after 52 months.
R000153,interior,en,"Glove box latch broke, lid will not stay closed."
R000154,interior,en,Power window switch on driver door is unresponsive intermittently.
R000155,display_infotainment,en,Bluetooth pairing drops every time the car is restarted. Please fix this asap.
R000156,interior,en,Steering wheel heater only warms the lower half of the rim. !!!!!!
R000157,display_infotainment,da,Bluetooth-forbindelsen afbrydes hver gang bilen genstartes. Please fix this asap.
R000158,display_infotainment,en,Backup camera shows black screen when reverse is engaged.
R000159,interior,en,Power window switch on driver door is unresponsive intermittently.
R000160,interior,en,Steering wheel heater only warms the lower half of the rim. Please fix this asap.
R000161,powertrain,de,Der Turbolader pfeift laut bei hoher Drehzahl. Mercedes please help.
R000162,interior,en,Climate control blows cold air on driver side and hot on passenger side.
R000163,interior,en,"Dome light stays on after locking the car, drains the 12v battery."
R000164,interior,en,Center console armrest is loose and wobbles when leaning on it. Mercedes please help.
R000165,interior,en,Mirror auto-dimming feature does not work at night.  multiple   spaces   here  
R000166,interior,en,Center console armrest is loose and wobbles when leaning on it. <p>this is a complaint</p>
R000167,powertrain,en,EV high voltage battery range dropped 25 percent after one winter. Mercedes please help.
R000168,interior,en,"Glove box latch broke, lid will not stay closed. Please fix this asap."
R000169,interior,en,"Glove box latch broke, lid will not stay closed."
R000170,powertrain,en,Diesel particulate filter regeneration fails repeatedly. VIN: WDB2030461A123456
R000171,interior,en,Steering wheel heater only warms the lower half of the rim. Please fix this asap.
R000172,interior,en,Power window switch on driver door is unresponsive intermittently. VIN: WDB2030461A123456
R000173,interior,en,Steering wheel heater only warms the lower half of the rim. !!!!!!
R000174,display_infotainment,tr,Geri vites kamerasi siyah ekran gosteriyor. <p>this is a complaint</p>
R000175,display_infotainment,tr,MBUX dokunmatik ekran navigasyon sirasinda donuyor. Plate: B-MW 1234
R000176,interior,en,Climate control blows cold air on driver side and hot on passenger side.
R000177,interior,en,"Sunroof refuses to close in cold weather, error on dashboard. Mercedes please help."
R000178,display_infotainment,tr,MBUX dokunmatik ekran navigasyon sirasinda donuyor. !!!!!!
R000179,interior,en,"Rear seat belt buckle is stuck, cannot release the belt. Contact me at john.doe@example.com or +49 30 1234567."
R000180,interior,en,Climate control blows cold air on driver side and hot on passenger side. Contact me at john.doe@example.com or +49 30 1234567.
R000181,display_infotainment,es,La camara de marcha atras muestra pantalla negra.  multiple   spaces   here  
R000182,powertrain,en,9G transmission shifts hard between 2nd and 3rd gear when cold.
R000183,interior,en,"Glove box latch broke, lid will not stay closed. Plate: B-MW 1234"
R000184,interior,en,Driver seat cushion has worn through after 50 months.
R000185,interior,en,"Sunroof refuses to close in cold weather, error on dashboard.  multiple   spaces   here  "
R000186,interior,en,The driver seat heater stops working after 4 minutes of driving.
R000187,display_infotainment,tr,MBUX dokunmatik ekran navigasyon sirasinda donuyor.  multiple   spaces   here  
R000188,interior,en,Steering wheel heater only warms the lower half of the rim. !!!!!!
R000189,interior,en,Center console armrest is loose and wobbles when leaning on it. <p>this is a complaint</p>
R000190,interior,en,Steering wheel heater only warms the lower half of the rim.
R000191,interior,en,Center console armrest is loose and wobbles when leaning on it.
R000192,display_infotainment,it,Lo schermo MBUX si blocca durante la navigazione.  multiple   spaces   here  
R000193,display_infotainment,pl,Asystent glosowy Hey Mercedes nie rozpoznaje polecen. Mercedes please help.
R000194,interior,en,Cabin filter smells musty even after replacement. <p>this is a complaint</p>
R000195,interior,en,The driver seat heater stops working after 37 minutes of driving.
R000196,display_infotainment,en,Backup camera shows black screen when reverse is engaged. Contact me at john.doe@example.com or +49 30 1234567.
R000197,interior,en,"Rear seat belt buckle is stuck, cannot release the belt. !!!!!!"
R000198,interior,en,Climate control blows cold air on driver side and hot on passenger side. Plate: B-MW 1234
R000199,interior,en,Cabin filter smells musty even after replacement. Contact me at john.doe@example.com or +49 30 1234567.
R000200,interior,en,Center console armrest is loose and wobbles when leaning on it. VIN: WDB2030461A123456
R000201,interior,en,Mirror auto-dimming feature does not work at night. VIN: WDB2030461A123456
R000202,interior,en,"Ambient lighting flickers randomly at night, very distracting. <p>this is a complaint</p>"
R000203,display_infotainment,de,Burmester Soundsystem hat statisches Rauschen am hinteren rechten Lautsprecher.
R000204,powertrain,en,On-board charger refuses to connect with public DC fast chargers.  multiple   spaces   here  
R000205,powertrain,de,Reichweite der Hochvoltbatterie ist nach einem Winter um 42 Prozent gesunken.
R000206,interior,en,Passenger seat ventilation makes a loud rattling noise on bumpy roads. <p>this is a complaint</p>
R000207,interior,en,Power window switch on driver door is unresponsive intermittently. Please fix this asap.
R000208,interior,en,Climate control blows cold air on driver side and hot on passenger side.
R000209,interior,en,"Sunroof refuses to close in cold weather, error on dashboard. Mercedes please help."
R000210,interior,en,Center console armrest is loose and wobbles when leaning on it.
R000211,interior,en,Steering wheel heater only warms the lower half of the rim. Please fix this asap.
R000212,interior,en,Steering wheel heater only warms the lower half of the rim.
R000213,interior,en,Steering wheel heater only warms the lower half of the rim. Mercedes please help.
R000214,display_infotainment,da,Bakkamera viser sort skaerm naar jeg saetter i bakgear. <p>this is a complaint</p>
R000215,interior,en,Mirror auto-dimming feature does not work at night.  multiple   spaces   here  
R000216,interior,en,"Rear seat belt buckle is stuck, cannot release the belt."
R000217,display_infotainment,en,GPS navigation routes through closed roads repeatedly.  multiple   spaces   here  
R000218,interior,en,Mirror auto-dimming feature does not work at night. Mercedes please help.
R000219,interior,en,Center console armrest is loose and wobbles when leaning on it. VIN: WDB2030461A123456
R000220,display_infotainment,it,Apple CarPlay si disconnette ogni 16 minuti. Contact me at john.doe@example.com or +49 30 1234567.
R000221,interior,en,Steering wheel heater only warms the lower half of the rim. Contact me at john.doe@example.com or +49 30 1234567.
R000222,interior,en,Cup holder cracked after 44 months of normal use. !!!!!!
R000223,display_infotainment,pl,Apple CarPlay rozlacza sie co 12 minut. Contact me at john.doe@example.com or +49 30 1234567.
R000224,display_infotainment,tr,MBUX dokunmatik ekran navigasyon sirasinda donuyor. VIN: WDB2030461A123456
R000225,interior,en,Steering wheel heater only warms the lower half of the rim. Plate: B-MW 1234
R000226,interior,en,The driver seat heater stops working after 7 minutes of driving. !!!!!!
R000227,interior,en,Driver seat cushion has worn through after 31 months.
R000228,interior,en,Steering wheel heater only warms the lower half of the rim. Please fix this asap.
R000229,interior,en,Cup holder cracked after 23 months of normal use.  multiple   spaces   here  
R000230,display_infotainment,en,Bluetooth pairing drops every time the car is restarted.  multiple   spaces   here  
R000231,display_infotainment,de,Rueckfahrkamera zeigt schwarzen Bildschirm beim Einlegen des Rueckwaertsgangs.
R000232,display_infotainment,de,Drahtloses Ladegeraet ueberhitzt und stoppt das Laden.
R000233,powertrain,en,Turbocharger whines loudly above 24000 rpm.
R000234,interior,en,Cabin filter smells musty even after replacement. !!!!!!
R000235,interior,en,The driver seat heater stops working after 17 minutes of driving.
R000236,display_infotainment,tr,MBUX dokunmatik ekran navigasyon sirasinda donuyor.
R000237,interior,en,"Rear seat belt buckle is stuck, cannot release the belt. !!!!!!"
R000238,interior,en,"Sunroof refuses to close in cold weather, error on dashboard. Contact me at john.doe@example.com or +49 30 1234567."
R000239,interior,en,Cabin filter smells musty even after replacement. Please fix this asap.
R000240,interior,en,"Dome light stays on after locking the car, drains the 12v battery. <p>this is a complaint</p>"
R000241,powertrain,en,"Coolant leak under the engine bay, sweet smell after driving."
R000242,interior,en,The driver seat heater stops working after 21 minutes of driving. Plate: B-MW 1234
R000243,interior,en,Steering wheel heater only warms the lower half of the rim. Mercedes please help.
R000244,display_infotainment,en,Head-up display flickers in direct sunlight.
R000245,interior,en,Driver seat cushion has worn through after 42 months.
R000246,interior,en,Cabin filter smells musty even after replacement.
R000247,display_infotainment,tr,MBUX dokunmatik ekran navigasyon sirasinda donuyor.  multiple   spaces   here  
R000248,interior,en,"Dome light stays on after locking the car, drains the 12v battery.  multiple   spaces   here  "
R000249,interior,en,Climate control blows cold air on driver side and hot on passenger side. Mercedes please help.
R000250,interior,en,Passenger seat ventilation makes a loud rattling noise on bumpy roads. VIN: WDB2030461A123456
R000251,interior,en,The driver seat heater stops working after 56 minutes of driving. Mercedes please help.
R000252,display_infotainment,en,Backup camera shows black screen when reverse is engaged. Mercedes please help.
R000253,display_infotainment,tr,Apple CarPlay her 59 dakikada bir baglantisi kesiliyor. Contact me at john.doe@example.com or +49 30 1234567.
R000254,powertrain,de,Die 12V-Batterie entlaedt sich ueber Nacht komplett.
R000255,powertrain,en,On-board charger refuses to connect with public DC fast chargers. Plate: B-MW 1234
R000256,display_infotainment,da,Bluetooth-forbindelsen afbrydes hver gang bilen genstartes.  multiple   spaces   here  
R000257,interior,en,Steering wheel heater only warms the lower half of the rim. <p>this is a complaint</p>
R000258,interior,en,Cup holder cracked after 56 months of normal use.
R000259,display_infotainment,en,Hey Mercedes voice assistant does not recognize commands.
R000260,display_infotainment,en,Software update OTA failed and bricked the head unit.  multiple   spaces   here  
R000261,interior,en,"Dome light stays on after locking the car, drains the 12v battery. !!!!!!"
R000262,interior,en,The driver seat heater stops working after 33 minutes of driving. Please fix this asap.
R000263,interior,en,"Sunroof refuses to close in cold weather, error on dashboard. Please fix this asap."
R000264,display_infotainment,de,MBUX-Bildschirm friert waehrend der Navigation ein.
R000265,display_infotainment,pl,"Ekran MBUX zawiesza sie podczas nawigacji, wymaga restartu."
R000266,interior,en,Climate control blows cold air on driver side and hot on passenger side.
R000267,interior,en,Center console armrest is loose and wobbles when leaning on it. Mercedes please help.
R000268,interior,en,Cabin filter smells musty even after replacement.
R000269,interior,en,"Glove box latch broke, lid will not stay closed. <p>this is a complaint</p>"
R000270,interior,en,Cabin filter smells musty even after replacement.
R000271,interior,en,"Sunroof refuses to close in cold weather, error on dashboard. Mercedes please help."
R000272,interior,en,Power window switch on driver door is unresponsive intermittently. !!!!!!
R000273,interior,en,"Rear seat belt buckle is stuck, cannot release the belt. VIN: WDB2030461A123456"
R000274,interior,en,Steering wheel heater only warms the lower half of the rim. <p>this is a complaint</p>
R000275,interior,en,Cup holder cracked after 46 months of normal use. Contact me at john.doe@example.com or +49 30 1234567.
R000276,interior,en,Power window switch on driver door is unresponsive intermittently.
R000277,interior,en,"Sunroof refuses to close in cold weather, error on dashboard. Please fix this asap."
R000278,interior,en,Climate control blows cold air on driver side and hot on passenger side.  multiple   spaces   here  
R000279,interior,en,"Sunroof refuses to close in cold weather, error on dashboard."
R000280,powertrain,en,On-board charger refuses to connect with public DC fast chargers. <p>this is a complaint</p>
R000281,interior,en,Cabin filter smells musty even after replacement. VIN: WDB2030461A123456
R000282,interior,en,Passenger seat ventilation makes a loud rattling noise on bumpy roads.
R000283,interior,en,Cup holder cracked after 13 months of normal use.
R000284,interior,en,Climate control blows cold air on driver side and hot on passenger side.
R000285,interior,en,The driver seat heater stops working after 37 minutes of driving.
R000286,interior,en,"Ambient lighting flickers randomly at night, very distracting. !!!!!!"
R000287,display_infotainment,de,Drahtloses Ladegeraet ueberhitzt und stoppt das Laden.
R000288,display_infotainment,da,Bakkamera viser sort skaerm naar jeg saetter i bakgear.
R000289,interior,en,"Rear seat belt buckle is stuck, cannot release the belt. Please fix this asap."
R000290,interior,en,The driver seat heater stops working after 18 minutes of driving. Contact me at john.doe@example.com or +49 30 1234567.
R000291,interior,en,Passenger seat ventilation makes a loud rattling noise on bumpy roads. Mercedes please help.
R000292,interior,en,"Dome light stays on after locking the car, drains the 12v battery. !!!!!!"
R000293,interior,en,"Ambient lighting flickers randomly at night, very distracting."
R000294,display_infotainment,es,La camara de marcha atras muestra pantalla negra.
R000295,interior,en,"Sunroof refuses to close in cold weather, error on dashboard."
R000296,interior,en,Steering wheel heater only warms the lower half of the rim. Plate: B-MW 1234
R000297,interior,en,"Dome light stays on after locking the car, drains the 12v battery."
R000298,powertrain,de,AdBlue-Warnung bleibt trotz Nachfuellen bestehen. Contact me at john.doe@example.com or +49 30 1234567.
R000299,display_infotainment,en,GPS navigation routes through closed roads repeatedly. Plate: B-MW 1234
R000300,display_infotainment,en,GPS navigation routes through closed roads repeatedly. Plate: B-MW 1234
R000301,interior,en,"Dome light stays on after locking the car, drains the 12v battery. <p>this is a complaint</p>"
R000302,interior,en,Cabin filter smells musty even after replacement.
R000303,interior,en,Power window switch on driver door is unresponsive intermittently. !!!!!!
R000304,interior,en,"Sunroof refuses to close in cold weather, error on dashboard."
R000305,interior,en,"Ambient lighting flickers randomly at night, very distracting."
R000306,interior,en,Center console armrest is loose and wobbles when leaning on it. Plate: B-MW 1234
R000307,interior,en,The driver seat heater stops working after 16 minutes of driving.
R000308,powertrain,de,"Kuehlmittelverlust unter dem Motor, suesslicher Geruch."
R000309,interior,en,Mirror auto-dimming feature does not work at night.
R000310,display_infotainment,tr,Apple CarPlay her 39 dakikada bir baglantisi kesiliyor. !!!!!!
R000311,display_infotainment,en,Head-up display flickers in direct sunlight. Mercedes please help.
R000312,interior,en,"Sunroof refuses to close in cold weather, error on dashboard. !!!!!!"
R000313,interior,en,Power window switch on driver door is unresponsive intermittently.
R000314,interior,en,"Ambient lighting flickers randomly at night, very distracting.  multiple   spaces   here  "
R000315,interior,en,Center console armrest is loose and wobbles when leaning on it. Plate: B-MW 1234
R000316,display_infotainment,de,Burmester Soundsystem hat statisches Rauschen am hinteren rechten Lautsprecher.
R000317,interior,en,Power window switch on driver door is unresponsive intermittently. <p>this is a complaint</p>
R000318,interior,en,Power window switch on driver door is unresponsive intermittently. VIN: WDB2030461A123456
R000319,interior,en,"Rear seat belt buckle is stuck, cannot release the belt."
R000320,interior,en,Mirror auto-dimming feature does not work at night. Mercedes please help.
R000321,powertrain,en,On-board charger refuses to connect with public DC fast chargers.
R000322,interior,en,"Glove box latch broke, lid will not stay closed. Plate: B-MW 1234"
R000323,interior,en,The driver seat heater stops working after 50 minutes of driving. !!!!!!
R000324,display_infotainment,da,Bakkamera viser sort skaerm naar jeg saetter i bakgear.
R000325,powertrain,en,"Coolant leak under the engine bay, sweet smell after driving. Contact me at john.doe@example.com or +49 30 1234567."
R000326,interior,en,"Rear seat belt buckle is stuck, cannot release the belt."
R000327,interior,en,"Dome light stays on after locking the car, drains the 12v battery. Mercedes please help."
R000328,interior,en,"Rear seat belt buckle is stuck, cannot release the belt."
R000329,interior,en,Steering wheel heater only warms the lower half of the rim. Please fix this asap.
R000330,interior,en,Passenger seat ventilation makes a loud rattling noise on bumpy roads.
R000331,interior,en,Center console armrest is loose and wobbles when leaning on it. Contact me at john.doe@example.com or +49 30 1234567.
R000332,interior,en,Steering wheel heater only warms the lower half of the rim.  multiple   spaces   here  
R000333,interior,en,"Rear seat belt buckle is stuck, cannot release the belt."
R000334,interior,en,Cup holder cracked after 9 months of normal use.  multiple   spaces   here  
R000335,interior,en,Climate control blows cold air on driver side and hot on passenger side.
R000336,interior,en,Climate control blows cold air on driver side and hot on passenger side. Contact me at john.doe@example.com or +49 30 1234567.
R000337,interior,en,"Sunroof refuses to close in cold weather, error on dashboard. VIN: WDB2030461A123456"
R000338,interior,en,Cabin filter smells musty even after replacement. Contact me at john.doe@example.com or +49 30 1234567.
R000339,interior,en,Cabin filter smells musty even after replacement.
R000340,interior,en,Climate control blows cold air on driver side and hot on passenger side.
R000341,display_infotainment,de,Burmester Soundsystem hat statisches Rauschen am hinteren rechten Lautsprecher. <p>this is a complaint</p>
R000342,interior,en,The driver seat heater stops working after 42 minutes of driving. Plate: B-MW 1234
R000343,display_infotainment,pl,"Ekran MBUX zawiesza sie podczas nawigacji, wymaga restartu."
R000344,interior,en,The driver seat heater stops working after 37 minutes of driving. Mercedes please help.
R000345,interior,en,Driver seat cushion has worn through after 60 months.
R000346,interior,en,Passenger seat ventilation makes a loud rattling noise on bumpy roads. !!!!!!
R000347,display_infotainment,de,Drahtloses Ladegeraet ueberhitzt und stoppt das Laden. <p>this is a complaint</p>
R000348,interior,en,Center console armrest is loose and wobbles when leaning on it.
R000349,interior,en,"Rear seat belt buckle is stuck, cannot release the belt. Contact me at john.doe@example.com or +49 30 1234567."
R000350,interior,en,Climate control blows cold air on driver side and hot on passenger side.
R000351,interior,en,Mirror auto-dimming feature does not work at night. Plate: B-MW 1234
R000352,interior,en,Mirror auto-dimming feature does not work at night.
R000353,display_infotainment,en,Bluetooth pairing drops every time the car is restarted.  multiple   spaces   here  
R000354,display_infotainment,de,Rueckfahrkamera zeigt schwarzen Bildschirm beim Einlegen des Rueckwaertsgangs. Please fix this asap.
R000355,display_infotainment,da,"MBUX skaermen fryser under navigation, skal genstartes."
R000356,display_infotainment,en,GPS navigation routes through closed roads repeatedly. <p>this is a complaint</p>
R000357,interior,en,"Dome light stays on after locking the car, drains the 12v battery. Plate: B-MW 1234"
R000358,display_infotainment,de,Drahtloses Ladegeraet ueberhitzt und stoppt das Laden.
R000359,interior,en,"Rear seat belt buckle is stuck, cannot release the belt. Please fix this asap."
R000360,interior,en,Cabin filter smells musty even after replacement. VIN: WDB2030461A123456
R000361,interior,en,Mirror auto-dimming feature does not work at night. Please fix this asap.
R000362,display_infotainment,pl,"Ekran MBUX zawiesza sie podczas nawigacji, wymaga restartu."
R000363,interior,en,"Sunroof refuses to close in cold weather, error on dashboard.  multiple   spaces   here  "
R000364,interior,en,Cup holder cracked after 49 months of normal use. Contact me at john.doe@example.com or +49 30 1234567.
R000365,powertrain,de,AdBlue-Warnung bleibt trotz Nachfuellen bestehen. Mercedes please help.
R000366,display_infotainment,fr,"L ecran MBUX se fige pendant la navigation, redemarrage requis. !!!!!!"
R000367,display_infotainment,de,Drahtloses Ladegeraet ueberhitzt und stoppt das Laden.
R000368,interior,en,"Dome light stays on after locking the car, drains the 12v battery. Please fix this asap."
R000369,display_infotainment,it,Lo schermo MBUX si blocca durante la navigazione. Contact me at john.doe@example.com or +49 30 1234567.
R000370,interior,en,Mirror auto-dimming feature does not work at night. Contact me at john.doe@example.com or +49 30 1234567.
R000371,interior,en,"Ambient lighting flickers randomly at night, very distracting. Mercedes please help."
R000372,display_infotainment,en,Burmester audio system has static noise on right rear speaker.
R000373,interior,en,Power window switch on driver door is unresponsive intermittently. Please fix this asap.
R000374,interior,en,Steering wheel heater only warms the lower half of the rim. !!!!!!
R000375,interior,en,Cup holder cracked after 56 months of normal use. !!!!!!
R000376,display_infotainment,de,Hey Mercedes Sprachassistent versteht Befehle nicht. Please fix this asap.
R000377,interior,en,Mirror auto-dimming feature does not work at night.  multiple   spaces   here  
R000378,interior,en,Climate control blows cold air on driver side and hot on passenger side.
R000379,interior,en,"Sunroof refuses to close in cold weather, error on dashboard. !!!!!!"
R000380,interior,en,Power window switch on driver door is unresponsive intermittently.
R000381,powertrain,de,Die 12V-Batterie entlaedt sich ueber Nacht komplett.
R000382,powertrain,en,AdBlue warning appears constantly even after refilling. Contact me at john.doe@example.com or +49 30 1234567.
R000383,interior,en,Power window switch on driver door is unresponsive intermittently.
R000384,interior,en,Cabin filter smells musty even after replacement.
R000385,interior,en,Cup holder cracked after 29 months of normal use.
R000386,interior,en,Steering wheel heater only warms the lower half of the rim. Plate: B-MW 1234
R000387,interior,en,"Ambient lighting flickers randomly at night, very distracting."
R000388,interior,en,"Dome light stays on after locking the car, drains the 12v battery. Mercedes please help."
R000389,interior,en,"Sunroof refuses to close in cold weather, error on dashboard. Contact me at john.doe@example.com or +49 30 1234567."
R000390,display_infotainment,en,Burmester audio system has static noise on right rear speaker.
R000391,interior,en,Power window switch on driver door is unresponsive intermittently. Contact me at john.doe@example.com or +49 30 1234567.
R000392,interior,en,The driver seat heater stops working after 59 minutes of driving.  multiple   spaces   here  
R000393,interior,en,Power window switch on driver door is unresponsive intermittently. !!!!!!
R000394,interior,en,Passenger seat ventilation makes a loud rattling noise on bumpy roads. Contact me at john.doe@example.com or +49 30 1234567.
R000395,display_infotainment,da,Bakkamera viser sort skaerm naar jeg saetter i bakgear.
R000396,interior,en,Steering wheel heater only warms the lower half of the rim. <p>this is a complaint</p>
R000397,interior,en,Driver seat cushion has worn through after 21 months.
R000398,display_infotainment,it,Lo schermo MBUX si blocca durante la navigazione. Contact me at john.doe@example.com or +49 30 1234567.
R000399,interior,en,Steering wheel heater only warms the lower half of the rim. Plate: B-MW 1234
R000400,interior,en,Power window switch on driver door is unresponsive intermittently. <p>this is a complaint</p>
R000401,interior,en,Driver seat cushion has worn through after 44 months. Mercedes please help.
R000402,interior,en,"Dome light stays on after locking the car, drains the 12v battery. !!!!!!"
R000403,powertrain,en,Turbocharger whines loudly above 60000 rpm. Plate: B-MW 1234
R000404,powertrain,en,Diesel particulate filter regeneration fails repeatedly.  multiple   spaces   here  
R000405,display_infotainment,tr,MBUX dokunmatik ekran navigasyon sirasinda donuyor.  multiple   spaces   here  
R000406,interior,en,"Glove box latch broke, lid will not stay closed."
R000407,interior,en,"Glove box latch broke, lid will not stay closed.  multiple   spaces   here  "
R000408,powertrain,en,"12v battery drains overnight, car will not start in the morning. !!!!!!"
R000409,interior,en,"Glove box latch broke, lid will not stay closed. !!!!!!"
R000410,interior,en,Cabin filter smells musty even after replacement. Contact me at john.doe@example.com or +49 30 1234567.
R000411,interior,en,Cup holder cracked after 48 months of normal use.
R000412,interior,en,Power window switch on driver door is unresponsive intermittently. Please fix this asap.
R000413,powertrain,en,"Coolant leak under the engine bay, sweet smell after driving."
R000414,interior,en,Climate control blows cold air on driver side and hot on passenger side. Please fix this asap.
R000415,interior,en,Mirror auto-dimming feature does not work at night.
R000416,display_infotainment,en,Bluetooth pairing drops every time the car is restarted. Contact me at john.doe@example.com or +49 30 1234567.
R000417,display_infotainment,en,GPS navigation routes through closed roads repeatedly. <p>this is a complaint</p>
R000418,display_infotainment,fr,"L ecran MBUX se fige pendant la navigation, redemarrage requis."
R000419,interior,en,Passenger seat ventilation makes a loud rattling noise on bumpy roads.
R000420,powertrain,en,Electric motor produces a humming noise when accelerating from stop. !!!!!!
R000421,powertrain,de,AdBlue-Warnung bleibt trotz Nachfuellen bestehen.  multiple   spaces   here  
R000422,interior,en,Passenger seat ventilation makes a loud rattling noise on bumpy roads.  multiple   spaces   here  
R000423,interior,en,Power window switch on driver door is unresponsive intermittently. VIN: WDB2030461A123456
R000424,interior,en,Cup holder cracked after 45 months of normal use. <p>this is a complaint</p>
R000425,interior,en,"Dome light stays on after locking the car, drains the 12v battery. Mercedes please help."
R000426,display_infotainment,es,La camara de marcha atras muestra pantalla negra. Please fix this asap.
R000427,interior,en,"Sunroof refuses to close in cold weather, error on dashboard. Contact me at john.doe@example.com or +49 30 1234567."
R000428,interior,en,Mirror auto-dimming feature does not work at night. VIN: WDB2030461A123456
R000429,interior,en,"Dome light stays on after locking the car, drains the 12v battery."
R000430,interior,en,"Glove box latch broke, lid will not stay closed. Contact me at john.doe@example.com or +49 30 1234567."
R000431,display_infotainment,en,GPS navigation routes through closed roads repeatedly. !!!!!!
R000432,interior,en,"Ambient lighting flickers randomly at night, very distracting."
R000433,display_infotainment,en,GPS navigation routes through closed roads repeatedly. Contact me at john.doe@example.com or +49 30 1234567.
R000434,interior,en,"Sunroof refuses to close in cold weather, error on dashboard. VIN: WDB2030461A123456"
R000435,interior,en,"Rear seat belt buckle is stuck, cannot release the belt. Please fix this asap."
R000436,interior,en,Center console armrest is loose and wobbles when leaning on it. <p>this is a complaint</p>
R000437,display_infotainment,de,Rueckfahrkamera zeigt schwarzen Bildschirm beim Einlegen des Rueckwaertsgangs. Plate: B-MW 1234
R000438,powertrain,en,"12v battery drains overnight, car will not start in the morning. Mercedes please help."
R000439,interior,en,Driver seat cushion has worn through after 33 months. Plate: B-MW 1234
R000440,interior,en,Power window switch on driver door is unresponsive intermittently.
R000441,interior,en,"Sunroof refuses to close in cold weather, error on dashboard. Contact me at john.doe@example.com or +49 30 1234567."
R000442,interior,en,"Sunroof refuses to close in cold weather, error on dashboard. Please fix this asap."
R000443,interior,en,"Glove box latch broke, lid will not stay closed. Please fix this asap."
R000444,interior,en,"Glove box latch broke, lid will not stay closed. Please fix this asap."
R000445,interior,en,Power window switch on driver door is unresponsive intermittently.
R000446,display_infotainment,es,La camara de marcha atras muestra pantalla negra. Contact me at john.doe@example.com or +49 30 1234567.
R000447,interior,en,"Sunroof refuses to close in cold weather, error on dashboard. !!!!!!"
R000448,interior,en,The driver seat heater stops working after 5 minutes of driving.  multiple   spaces   here  
R000449,interior,en,"Ambient lighting flickers randomly at night, very distracting.  multiple   spaces   here  "
R000450,interior,en,Passenger seat ventilation makes a loud rattling noise on bumpy roads.  multiple   spaces   here  
R000451,interior,en,"Dome light stays on after locking the car, drains the 12v battery."
R000452,display_infotainment,en,Software update OTA failed and bricked the head unit. Please fix this asap.
R000453,powertrain,en,"Engine misfire under heavy acceleration, check engine light on."
R000454,display_infotainment,en,Burmester audio system has static noise on right rear speaker.
R000455,interior,en,Cabin filter smells musty even after replacement.
R000456,interior,en,Driver seat cushion has worn through after 3 months.
R000457,interior,en,Cabin filter smells musty even after replacement.  multiple   spaces   here  
R000458,interior,en,Cup holder cracked after 3 months of normal use.
R000459,interior,en,"Ambient lighting flickers randomly at night, very distracting. <p>this is a complaint</p>"
R000460,interior,en,Passenger seat ventilation makes a loud rattling noise on bumpy roads. <p>this is a complaint</p>
R000461,interior,en,"Rear seat belt buckle is stuck, cannot release the belt.  multiple   spaces   here  "
R000462,interior,en,"Dome light stays on after locking the car, drains the 12v battery."
R000463,interior,en,"Sunroof refuses to close in cold weather, error on dashboard. Plate: B-MW 1234"
R000464,interior,en,Cabin filter smells musty even after replacement. !!!!!!
R000465,interior,en,"Rear seat belt buckle is stuck, cannot release the belt. !!!!!!"
R000466,display_infotainment,en,Apple CarPlay disconnects every 32 minutes when using maps. Mercedes please help.
R000467,interior,en,Passenger seat ventilation makes a loud rattling noise on bumpy roads. Contact me at john.doe@example.com or +49 30 1234567.
R000468,powertrain,de,"Kuehlmittelverlust unter dem Motor, suesslicher Geruch."
R000469,display_infotainment,de,MBUX-Bildschirm friert waehrend der Navigation ein. Plate: B-MW 1234
R000470,interior,en,"Ambient lighting flickers randomly at night, very distracting."
R000471,interior,en,"Dome light stays on after locking the car, drains the 12v battery. VIN: WDB2030461A123456"
R000472,powertrain,de,AdBlue-Warnung bleibt trotz Nachfuellen bestehen. Plate: B-MW 1234
R000473,interior,en,"Rear seat belt buckle is stuck, cannot release the belt. VIN: WDB2030461A123456"
R000474,interior,en,Passenger seat ventilation makes a loud rattling noise on bumpy roads.  multiple   spaces   here  
R000475,powertrain,de,Dieselpartikelfilter-Regeneration schlaegt wiederholt fehl. <p>this is a complaint</p>
R000476,display_infotainment,de,Rueckfahrkamera zeigt schwarzen Bildschirm beim Einlegen des Rueckwaertsgangs. Contact me at john.doe@example.com or +49 30 1234567.
R000477,display_infotainment,de,Rueckfahrkamera zeigt schwarzen Bildschirm beim Einlegen des Rueckwaertsgangs. Please fix this asap.
R000478,display_infotainment,de,Hey Mercedes Sprachassistent versteht Befehle nicht. Mercedes please help.
R000479,powertrain,de,Der Turbolader pfeift laut bei hoher Drehzahl. Mercedes please help.
R000480,interior,en,Power window switch on driver door is unresponsive intermittently. Please fix this asap.
R000481,display_infotainment,tr,Geri vites kamerasi siyah ekran gosteriyor. Contact me at john.doe@example.com or +49 30 1234567.
R000482,interior,en,Driver seat cushion has worn through after 7 months.
R000483,interior,en,Center console armrest is loose and wobbles when leaning on it. <p>this is a complaint</p>
R000484,interior,en,"Ambient lighting flickers randomly at night, very distracting. VIN: WDB2030461A123456"
R000485,interior,en,Climate control blows cold air on driver side and hot on passenger side. VIN: WDB2030461A123456
R000486,interior,en,Passenger seat ventilation makes a loud rattling noise on bumpy roads. Mercedes please help.
R000487,interior,en,"Glove box latch broke, lid will not stay closed.  multiple   spaces   here  "
R000488,interior,en,Mirror auto-dimming feature does not work at night. <p>this is a complaint</p>
R000489,interior,en,Power window switch on driver door is unresponsive intermittently. Plate: B-MW 1234
R000490,interior,en,Passenger seat ventilation makes a loud rattling noise on bumpy roads. Plate: B-MW 1234
R000491,interior,en,"Ambient lighting flickers randomly at night, very distracting. !!!!!!"
R000492,interior,en,Driver seat cushion has worn through after 8 months. Please fix this asap.
R000493,display_infotainment,de,Apple CarPlay trennt die Verbindung alle 9 Minuten.  multiple   spaces   here  
R000494,interior,en,"Sunroof refuses to close in cold weather, error on dashboard.  multiple   spaces   here  "
R000495,interior,en,Climate control blows cold air on driver side and hot on passenger side.  multiple   spaces   here  
R000496,display_infotainment,tr,MBUX dokunmatik ekran navigasyon sirasinda donuyor. !!!!!!
R000497,interior,en,The driver seat heater stops working after 40 minutes of driving. !!!!!!
R000498,display_infotainment,en,Bluetooth pairing drops every time the car is restarted.
R000499,interior,en,Center console armrest is loose and wobbles when leaning on it.  multiple   spaces   here  
R000500,interior,en,Cup holder cracked after 24 months of normal use.
R000501,interior,en,"Ambient lighting flickers randomly at night, very distracting. Plate: B-MW 1234"
R000502,interior,en,Passenger seat ventilation makes a loud rattling noise on bumpy roads.
R000503,powertrain,en,"Engine misfire under heavy acceleration, check engine light on."
R000504,powertrain,en,EV high voltage battery range dropped 26 percent after one winter. Mercedes please help.
R000505,interior,en,"Ambient lighting flickers randomly at night, very distracting. Please fix this asap."
R000506,interior,en,Cup holder cracked after 51 months of normal use. Plate: B-MW 1234
R000507,interior,en,Mirror auto-dimming feature does not work at night.
R000508,interior,en,Cabin filter smells musty even after replacement. Plate: B-MW 1234
R000509,interior,en,Passenger seat ventilation makes a loud rattling noise on bumpy roads.
R000510,interior,en,Steering wheel heater only warms the lower half of the rim. Contact me at john.doe@example.com or +49 30 1234567.
R000511,interior,en,Steering wheel heater only warms the lower half of the rim.
R000512,interior,en,Climate control blows cold air on driver side and hot on passenger side.
R000513,interior,en,Passenger seat ventilation makes a loud rattling noise on bumpy roads.
R000514,interior,en,"Dome light stays on after locking the car, drains the 12v battery. Contact me at john.doe@example.com or +49 30 1234567."
R000515,interior,en,Power window switch on driver door is unresponsive intermittently.
R000516,interior,en,"Dome light stays on after locking the car, drains the 12v battery."
R000517,interior,en,Power window switch on driver door is unresponsive intermittently.
R000518,powertrain,en,On-board charger refuses to connect with public DC fast chargers.
R000519,interior,en,The driver seat heater stops working after 33 minutes of driving. <p>this is a complaint</p>
R000520,interior,en,"Ambient lighting flickers randomly at night, very distracting. Mercedes please help."
R000521,interior,en,"Sunroof refuses to close in cold weather, error on dashboard. VIN: WDB2030461A123456"
R000522,interior,en,"Glove box latch broke, lid will not stay closed.  multiple   spaces   here  "
R000523,interior,en,Steering wheel heater only warms the lower half of the rim. <p>this is a complaint</p>
R000524,interior,en,The driver seat heater stops working after 31 minutes of driving.
R000525,display_infotainment,da,Bakkamera viser sort skaerm naar jeg saetter i bakgear. Mercedes please help.
R000526,interior,en,Center console armrest is loose and wobbles when leaning on it. !!!!!!
R000527,interior,en,Passenger seat ventilation makes a loud rattling noise on bumpy roads. Mercedes please help.
R000528,interior,en,Cup holder cracked after 12 months of normal use.  multiple   spaces   here  
R000529,display_infotainment,de,Burmester Soundsystem hat statisches Rauschen am hinteren rechten Lautsprecher. <p>this is a complaint</p>
R000530,display_infotainment,en,Hey Mercedes voice assistant does not recognize commands. Mercedes please help.
R000531,display_infotainment,en,Software update OTA failed and bricked the head unit. Mercedes please help.
R000532,interior,en,Climate control blows cold air on driver side and hot on passenger side.
R000533,interior,en,Power window switch on driver door is unresponsive intermittently. <p>this is a complaint</p>
R000534,interior,en,Cup holder cracked after 51 months of normal use.
R000535,interior,en,"Glove box latch broke, lid will not stay closed."
R000536,interior,en,"Sunroof refuses to close in cold weather, error on dashboard.  multiple   spaces   here  "
R000537,interior,en,Center console armrest is loose and wobbles when leaning on it. !!!!!!
R000538,display_infotainment,en,Software update OTA failed and bricked the head unit.
R000539,interior,en,"Sunroof refuses to close in cold weather, error on dashboard."
R000540,interior,en,Cabin filter smells musty even after replacement.  multiple   spaces   here  
R000541,interior,en,"Ambient lighting flickers randomly at night, very distracting.  multiple   spaces   here  "
R000542,interior,en,"Rear seat belt buckle is stuck, cannot release the belt.  multiple   spaces   here  "
R000543,interior,en,"Dome light stays on after locking the car, drains the 12v battery. Contact me at john.doe@example.com or +49 30 1234567."
R000544,interior,en,Mirror auto-dimming feature does not work at night. Plate: B-MW 1234
R000545,interior,en,"Dome light stays on after locking the car, drains the 12v battery. Please fix this asap."
R000546,display_infotainment,tr,Apple CarPlay her 22 dakikada bir baglantisi kesiliyor.
R000547,interior,en,"Rear seat belt buckle is stuck, cannot release the belt. Contact me at john.doe@example.com or +49 30 1234567."
R000548,interior,en,Cabin filter smells musty even after replacement.
R000549,interior,en,Cup holder cracked after 34 months of normal use.
R000550,interior,en,"Rear seat belt buckle is stuck, cannot release the belt."
R000551,interior,en,Driver seat cushion has worn through after 20 months.
R000552,interior,en,Driver seat cushion has worn through after 7 months. Plate: B-MW 1234
R000553,interior,en,Steering wheel heater only warms the lower half of the rim. Contact me at john.doe@example.com or +49 30 1234567.
R000554,interior,en,Cabin filter smells musty even after replacement. <p>this is a complaint</p>
R000555,display_infotainment,de,Burmester Soundsystem hat statisches Rauschen am hinteren rechten Lautsprecher.  multiple   spaces   here  
R000556,interior,en,"Sunroof refuses to close in cold weather, error on dashboard. Please fix this asap."
R000557,interior,en,Climate control blows cold air on driver side and hot on passenger side.
R000558,display_infotainment,de,Burmester Soundsystem hat statisches Rauschen am hinteren rechten Lautsprecher.
R000559,display_infotainment,fr,La camera de recul affiche un ecran noir. Please fix this asap.
R000560,display_infotainment,en,Hey Mercedes voice assistant does not recognize commands. VIN: WDB2030461A123456
R000561,interior,en,The driver seat heater stops working after 17 minutes of driving. <p>this is a complaint</p>
R000562,interior,en,"Rear seat belt buckle is stuck, cannot release the belt. VIN: WDB2030461A123456"
R000563,interior,en,"Ambient lighting flickers randomly at night, very distracting. Please fix this asap."
R000564,interior,en,Power window switch on driver door is unresponsive intermittently. Mercedes please help.
R000565,interior,en,Cup holder cracked after 45 months of normal use. Plate: B-MW 1234
R000566,interior,en,"Glove box latch broke, lid will not stay closed. !!!!!!"
R000567,interior,en,Cup holder cracked after 8 months of normal use. VIN: WDB2030461A123456
R000568,interior,en,Power window switch on driver door is unresponsive intermittently.
R000569,powertrain,en,"12v battery drains overnight, car will not start in the morning. Please fix this asap."
R000570,interior,en,"Glove box latch broke, lid will not stay closed."
R000571,display_infotainment,en,GPS navigation routes through closed roads repeatedly. !!!!!!
R000572,interior,en,Steering wheel heater only warms the lower half of the rim.
R000573,interior,en,Passenger seat ventilation makes a loud rattling noise on bumpy roads.
R000574,interior,en,"Glove box latch broke, lid will not stay closed.  multiple   spaces   here  "
R000575,interior,en,"Ambient lighting flickers randomly at night, very distracting. !!!!!!"
R000576,powertrain,de,Der Elektromotor brummt beim Anfahren aus dem Stand.
R000577,interior,en,Steering wheel heater only warms the lower half of the rim. VIN: WDB2030461A123456
R000578,interior,en,Cup holder cracked after 21 months of normal use.
R000579,display_infotainment,de,MBUX-Bildschirm friert waehrend der Navigation ein.  multiple   spaces   here  
R000580,interior,en,"Sunroof refuses to close in cold weather, error on dashboard."
R000581,interior,en,Power window switch on driver door is unresponsive intermittently.  multiple   spaces   here  
R000582,interior,en,Cabin filter smells musty even after replacement. VIN: WDB2030461A123456
R000583,display_infotainment,it,Apple CarPlay si disconnette ogni 35 minuti.
R000584,interior,en,Mirror auto-dimming feature does not work at night.  multiple   spaces   here  
R000585,interior,en,"Dome light stays on after locking the car, drains the 12v battery. Mercedes please help."
R000586,interior,en,"Ambient lighting flickers randomly at night, very distracting. <p>this is a complaint</p>"
R000587,powertrain,en,"Coolant leak under the engine bay, sweet smell after driving. <p>this is a complaint</p>"
R000588,interior,en,Steering wheel heater only warms the lower half of the rim. Please fix this asap.
R000589,interior,en,"Sunroof refuses to close in cold weather, error on dashboard. Contact me at john.doe@example.com or +49 30 1234567."
R000590,interior,en,Cabin filter smells musty even after replacement. <p>this is a complaint</p>
R000591,display_infotainment,en,Software update OTA failed and bricked the head unit. VIN: WDB2030461A123456
R000592,interior,en,Cabin filter smells musty even after replacement.  multiple   spaces   here  
R000593,interior,en,Driver seat cushion has worn through after 14 months. Please fix this asap.
R000594,interior,en,"Dome light stays on after locking the car, drains the 12v battery. Contact me at john.doe@example.com or +49 30 1234567."
R000595,interior,en,Power window switch on driver door is unresponsive intermittently.  multiple   spaces   here  
R000596,interior,en,Climate control blows cold air on driver side and hot on passenger side. Mercedes please help.
R000597,display_infotainment,fr,La camera de recul affiche un ecran noir.
R000598,display_infotainment,en,Burmester audio system has static noise on right rear speaker.
R000599,interior,en,"Rear seat belt buckle is stuck, cannot release the belt. Please fix this asap."
R000600,interior,en,Passenger seat ventilation makes a loud rattling noise on bumpy roads. <p>this is a complaint</p>
R000601,display_infotainment,it,Lo schermo MBUX si blocca durante la navigazione.
R000602,interior,en,Cabin filter smells musty even after replacement.
R000603,interior,en,Mirror auto-dimming feature does not work at night. VIN: WDB2030461A123456
R000604,interior,en,Steering wheel heater only warms the lower half of the rim.
R000605,display_infotainment,en,Software update OTA failed and bricked the head unit. Contact me at john.doe@example.com or +49 30 1234567.
R000606,display_infotainment,es,La pantalla MBUX se congela durante la navegacion.
R000607,interior,en,Steering wheel heater only warms the lower half of the rim. VIN: WDB2030461A123456
R000608,interior,en,Steering wheel heater only warms the lower half of the rim.
R000609,interior,en,The driver seat heater stops working after 22 minutes of driving.
R000610,display_infotainment,tr,Apple CarPlay her 23 dakikada bir baglantisi kesiliyor.  multiple   spaces   here  
R000611,interior,en,The driver seat heater stops working after 20 minutes of driving. Contact me at john.doe@example.com or +49 30 1234567.
R000612,interior,en,"Ambient lighting flickers randomly at night, very distracting.  multiple   spaces   here  "
R000613,powertrain,de,"Kuehlmittelverlust unter dem Motor, suesslicher Geruch. Plate: B-MW 1234"
R000614,interior,en,Passenger seat ventilation makes a loud rattling noise on bumpy roads.
R000615,interior,en,Driver seat cushion has worn through after 11 months. VIN: WDB2030461A123456
R000616,display_infotainment,tr,MBUX dokunmatik ekran navigasyon sirasinda donuyor. VIN: WDB2030461A123456
R000617,interior,en,Cabin filter smells musty even after replacement.
R000618,interior,en,Passenger seat ventilation makes a loud rattling noise on bumpy roads.
R000619,interior,en,"Glove box latch broke, lid will not stay closed.  multiple   spaces   here  "
R000620,interior,en,Passenger seat ventilation makes a loud rattling noise on bumpy roads.
R000621,display_infotainment,de,Drahtloses Ladegeraet ueberhitzt und stoppt das Laden. Plate: B-MW 1234
R000622,interior,en,"Glove box latch broke, lid will not stay closed. VIN: WDB2030461A123456"
R000623,interior,en,Center console armrest is loose and wobbles when leaning on it.
R000624,interior,en,The driver seat heater stops working after 41 minutes of driving. Please fix this asap.
R000625,interior,en,Steering wheel heater only warms the lower half of the rim.
R000626,interior,en,Passenger seat ventilation makes a loud rattling noise on bumpy roads. VIN: WDB2030461A123456
R000627,display_infotainment,en,Hey Mercedes voice assistant does not recognize commands. VIN: WDB2030461A123456
R000628,interior,en,Cabin filter smells musty even after replacement. VIN: WDB2030461A123456
R000629,interior,en,Steering wheel heater only warms the lower half of the rim. Contact me at john.doe@example.com or +49 30 1234567.
R000630,interior,en,Steering wheel heater only warms the lower half of the rim. Please fix this asap.
R000631,interior,en,The driver seat heater stops working after 24 minutes of driving.  multiple   spaces   here  
R000632,interior,en,"Sunroof refuses to close in cold weather, error on dashboard. <p>this is a complaint</p>"
R000633,interior,en,Passenger seat ventilation makes a loud rattling noise on bumpy roads.  multiple   spaces   here  
R000634,interior,en,Cabin filter smells musty even after replacement. Please fix this asap.
R000635,interior,en,Cup holder cracked after 36 months of normal use. Please fix this asap.
R000636,display_infotainment,en,Wireless charger overheats and stops charging the phone.  multiple   spaces   here  
R000637,interior,en,Center console armrest is loose and wobbles when leaning on it. Contact me at john.doe@example.com or +49 30 1234567.
R000638,interior,en,Cabin filter smells musty even after replacement.
R000639,interior,en,Cabin filter smells musty even after replacement. Contact me at john.doe@example.com or +49 30 1234567.
R000640,interior,en,"Sunroof refuses to close in cold weather, error on dashboard."
R000641,display_infotainment,it,Apple CarPlay si disconnette ogni 4 minuti. Please fix this asap.
R000642,display_infotainment,da,"MBUX skaermen fryser under navigation, skal genstartes. Mercedes please help."
R000643,display_infotainment,da,Bluetooth-forbindelsen afbrydes hver gang bilen genstartes. Contact me at john.doe@example.com or +49 30 1234567.
R000644,interior,en,Cabin filter smells musty even after replacement. !!!!!!
R000645,interior,en,Cup holder cracked after 57 months of normal use.  multiple   spaces   here  
R000646,interior,en,"Glove box latch broke, lid will not stay closed. Please fix this asap."
R000647,interior,en,Cabin filter smells musty even after replacement. Please fix this asap.
R000648,interior,en,Steering wheel heater only warms the lower half of the rim. <p>this is a complaint</p>
R000649,interior,en,Steering wheel heater only warms the lower half of the rim. Please fix this asap.
R000650,display_infotainment,de,Drahtloses Ladegeraet ueberhitzt und stoppt das Laden. <p>this is a complaint</p>
R000651,interior,en,Mirror auto-dimming feature does not work at night.  multiple   spaces   here  
R000652,interior,en,Cabin filter smells musty even after replacement.
R000653,powertrain,en,9G transmission shifts hard between 2nd and 3rd gear when cold. Mercedes please help.
R000654,interior,en,Driver seat cushion has worn through after 13 months. VIN: WDB2030461A123456
R000655,interior,en,Passenger seat ventilation makes a loud rattling noise on bumpy roads.
R000656,interior,en,Power window switch on driver door is unresponsive intermittently.
R000657,interior,en,Center console armrest is loose and wobbles when leaning on it. Mercedes please help.
R000658,interior,en,"Rear seat belt buckle is stuck, cannot release the belt. Please fix this asap."
R000659,interior,en,Center console armrest is loose and wobbles when leaning on it. Please fix this asap.
R000660,interior,en,Steering wheel heater only warms the lower half of the rim.
R000661,interior,en,Cabin filter smells musty even after replacement.
R000662,interior,en,"Glove box latch broke, lid will not stay closed. Mercedes please help."
R000663,interior,en,Cabin filter smells musty even after replacement. <p>this is a complaint</p>
R000664,interior,en,The driver seat heater stops working after 11 minutes of driving. Plate: B-MW 1234
R000665,interior,en,"Rear seat belt buckle is stuck, cannot release the belt."
R000666,interior,en,"Sunroof refuses to close in cold weather, error on dashboard.  multiple   spaces   here  "
R000667,interior,en,Cup holder cracked after 26 months of normal use. Plate: B-MW 1234
R000668,interior,en,"Ambient lighting flickers randomly at night, very distracting. !!!!!!"
R000669,interior,en,Cup holder cracked after 25 months of normal use. Contact me at john.doe@example.com or +49 30 1234567.
R000670,powertrain,en,"12v battery drains overnight, car will not start in the morning. VIN: WDB2030461A123456"
R000671,interior,en,Cup holder cracked after 43 months of normal use.
R000672,interior,en,Passenger seat ventilation makes a loud rattling noise on bumpy roads.
R000673,powertrain,de,Reichweite der Hochvoltbatterie ist nach einem Winter um 35 Prozent gesunken. Mercedes please help.
R000674,display_infotainment,en,Backup camera shows black screen when reverse is engaged.
R000675,powertrain,de,"Kuehlmittelverlust unter dem Motor, suesslicher Geruch."
R000676,display_infotainment,en,GPS navigation routes through closed roads repeatedly. <p>this is a complaint</p>
R000677,display_infotainment,de,Drahtloses Ladegeraet ueberhitzt und stoppt das Laden.
R000678,interior,en,Driver seat cushion has worn through after 6 months. Contact me at john.doe@example.com or +49 30 1234567.
R000679,interior,en,Center console armrest is loose and wobbles when leaning on it. Contact me at john.doe@example.com or +49 30 1234567.
R000680,display_infotainment,fr,"L ecran MBUX se fige pendant la navigation, redemarrage requis. !!!!!!"
R000681,display_infotainment,de,MBUX-Bildschirm friert waehrend der Navigation ein. !!!!!!
R000682,interior,en,Passenger seat ventilation makes a loud rattling noise on bumpy roads. VIN: WDB2030461A123456
R000683,interior,en,Mirror auto-dimming feature does not work at night.
R000684,display_infotainment,pl,"Ekran MBUX zawiesza sie podczas nawigacji, wymaga restartu. <p>this is a complaint</p>"
R000685,display_infotainment,tr,Apple CarPlay her 13 dakikada bir baglantisi kesiliyor.  multiple   spaces   here  
R000686,interior,en,"Sunroof refuses to close in cold weather, error on dashboard."
R000687,display_infotainment,fr,"L ecran MBUX se fige pendant la navigation, redemarrage requis."
R000688,interior,en,"Rear seat belt buckle is stuck, cannot release the belt."
R000689,interior,en,"Dome light stays on after locking the car, drains the 12v battery. Please fix this asap."
R000690,interior,en,Climate control blows cold air on driver side and hot on passenger side.
R000691,interior,en,Passenger seat ventilation makes a loud rattling noise on bumpy roads.
R000692,interior,en,Center console armrest is loose and wobbles when leaning on it. <p>this is a complaint</p>
R000693,interior,en,Steering wheel heater only warms the lower half of the rim.  multiple   spaces   here  
R000694,interior,en,"Dome light stays on after locking the car, drains the 12v battery."
R000695,interior,en,Cup holder cracked after 43 months of normal use.
R000696,interior,en,"Glove box latch broke, lid will not stay closed. VIN: WDB2030461A123456"
R000697,interior,en,Mirror auto-dimming feature does not work at night.  multiple   spaces   here  
R000698,interior,en,"Dome light stays on after locking the car, drains the 12v battery."
R000699,powertrain,en,"12v battery drains overnight, car will not start in the morning. Mercedes please help."
R000700,interior,en,Driver seat cushion has worn through after 5 months.
R000701,interior,en,Power window switch on driver door is unresponsive intermittently.
R000702,interior,en,Mirror auto-dimming feature does not work at night. <p>this is a complaint</p>
R000703,interior,en,Climate control blows cold air on driver side and hot on passenger side.
R000704,display_infotainment,en,Bluetooth pairing drops every time the car is restarted.
R000705,interior,en,Climate control blows cold air on driver side and hot on passenger side.
R000706,interior,en,Power window switch on driver door is unresponsive intermittently. Plate: B-MW 1234
R000707,interior,en,Climate control blows cold air on driver side and hot on passenger side. !!!!!!
R000708,interior,en,"Dome light stays on after locking the car, drains the 12v battery."
R000709,interior,en,"Dome light stays on after locking the car, drains the 12v battery. <p>this is a complaint</p>"
R000710,display_infotainment,de,MBUX-Bildschirm friert waehrend der Navigation ein. Plate: B-MW 1234
R000711,interior,en,Driver seat cushion has worn through after 3 months.
R000712,interior,en,"Glove box latch broke, lid will not stay closed.  multiple   spaces   here  "
R000713,interior,en,"Glove box latch broke, lid will not stay closed."
R000714,powertrain,de,Die 12V-Batterie entlaedt sich ueber Nacht komplett. Plate: B-MW 1234
R000715,interior,en,"Rear seat belt buckle is stuck, cannot release the belt. !!!!!!"
R000716,interior,en,"Glove box latch broke, lid will not stay closed."
R000717,interior,en,Cabin filter smells musty even after replacement.  multiple   spaces   here  
R000718,interior,en,Power window switch on driver door is unresponsive intermittently. Contact me at john.doe@example.com or +49 30 1234567.
R000719,interior,en,The driver seat heater stops working after 12 minutes of driving. Contact me at john.doe@example.com or +49 30 1234567.
R000720,interior,en,"Rear seat belt buckle is stuck, cannot release the belt."
R000721,interior,en,"Ambient lighting flickers randomly at night, very distracting. Please fix this asap."
R000722,display_infotainment,de,MBUX-Bildschirm friert waehrend der Navigation ein. <p>this is a complaint</p>
R000723,display_infotainment,de,Apple CarPlay trennt die Verbindung alle 27 Minuten.
R000724,powertrain,de,Der Elektromotor brummt beim Anfahren aus dem Stand. VIN: WDB2030461A123456
R000725,interior,en,"Sunroof refuses to close in cold weather, error on dashboard. Contact me at john.doe@example.com or +49 30 1234567."
R000726,interior,en,"Rear seat belt buckle is stuck, cannot release the belt."
R000727,interior,en,The driver seat heater stops working after 20 minutes of driving. Mercedes please help.
R000728,display_infotainment,de,Rueckfahrkamera zeigt schwarzen Bildschirm beim Einlegen des Rueckwaertsgangs.
R000729,display_infotainment,it,Apple CarPlay si disconnette ogni 12 minuti. Please fix this asap.
R000730,display_infotainment,pl,Apple CarPlay rozlacza sie co 22 minut.
R000731,powertrain,de,Reichweite der Hochvoltbatterie ist nach einem Winter um 34 Prozent gesunken. Contact me at john.doe@example.com or +49 30 1234567.
R000732,interior,en,Power window switch on driver door is unresponsive intermittently. Contact me at john.doe@example.com or +49 30 1234567.
R000733,interior,en,Steering wheel heater only warms the lower half of the rim. VIN: WDB2030461A123456
R000734,interior,en,"Sunroof refuses to close in cold weather, error on dashboard."
R000735,interior,en,The driver seat heater stops working after 5 minutes of driving.
R000736,interior,en,Mirror auto-dimming feature does not work at night. !!!!!!
R000737,interior,en,Power window switch on driver door is unresponsive intermittently. VIN: WDB2030461A123456
R000738,interior,en,Passenger seat ventilation makes a loud rattling noise on bumpy roads. Mercedes please help.
R000739,interior,en,Power window switch on driver door is unresponsive intermittently. <p>this is a complaint</p>
R000740,interior,en,Steering wheel heater only warms the lower half of the rim. Please fix this asap.
R000741,interior,en,The driver seat heater stops working after 38 minutes of driving. VIN: WDB2030461A123456
R000742,interior,en,Climate control blows cold air on driver side and hot on passenger side.
R000743,interior,en,Climate control blows cold air on driver side and hot on passenger side. Contact me at john.doe@example.com or +49 30 1234567.
R000744,powertrain,en,On-board charger refuses to connect with public DC fast chargers. Plate: B-MW 1234
R000745,interior,en,Passenger seat ventilation makes a loud rattling noise on bumpy roads.
R000746,display_infotainment,de,Hey Mercedes Sprachassistent versteht Befehle nicht. Please fix this asap.
R000747,display_infotainment,de,MBUX-Bildschirm friert waehrend der Navigation ein. VIN: WDB2030461A123456
R000748,display_infotainment,pl,Asystent glosowy Hey Mercedes nie rozpoznaje polecen.
R000749,interior,en,Climate control blows cold air on driver side and hot on passenger side. Mercedes please help.
R000750,interior,en,The driver seat heater stops working after 4 minutes of driving.
R000751,powertrain,de,Reichweite der Hochvoltbatterie ist nach einem Winter um 35 Prozent gesunken. Contact me at john.doe@example.com or +49 30 1234567.
R000752,interior,en,Mirror auto-dimming feature does not work at night. VIN: WDB2030461A123456
R000753,interior,en,Mirror auto-dimming feature does not work at night. Plate: B-MW 1234
R000754,interior,en,Steering wheel heater only warms the lower half of the rim. Plate: B-MW 1234
R000755,powertrain,en,Diesel particulate filter regeneration fails repeatedly. Plate: B-MW 1234
R000756,interior,en,Driver seat cushion has worn through after 34 months. VIN: WDB2030461A123456
R000757,interior,en,"Dome light stays on after locking the car, drains the 12v battery."
R000758,interior,en,The driver seat heater stops working after 25 minutes of driving. Please fix this asap.
R000759,interior,en,Steering wheel heater only warms the lower half of the rim. Plate: B-MW 1234
R000760,interior,en,Mirror auto-dimming feature does not work at night. <p>this is a complaint</p>
R000761,display_infotainment,tr,Apple CarPlay her 3 dakikada bir baglantisi kesiliyor. Plate: B-MW 1234
R000762,interior,en,"Glove box latch broke, lid will not stay closed.  multiple   spaces   here  "
R000763,display_infotainment,da,Bakkamera viser sort skaerm naar jeg saetter i bakgear. Plate: B-MW 1234
R000764,interior,en,The driver seat heater stops working after 39 minutes of driving. Contact me at john.doe@example.com or +49 30 1234567.
R000765,interior,en,"Glove box latch broke, lid will not stay closed. <p>this is a complaint</p>"
R000766,interior,en,Driver seat cushion has worn through after 26 months.
R000767,display_infotainment,en,Software update OTA failed and bricked the head unit.
R000768,interior,en,Center console armrest is loose and wobbles when leaning on it.
R000769,interior,en,"Rear seat belt buckle is stuck, cannot release the belt. Please fix this asap."
R000770,interior,en,Steering wheel heater only warms the lower half of the rim. <p>this is a complaint</p>
R000771,interior,en,Climate control blows cold air on driver side and hot on passenger side.  multiple   spaces   here  
R000772,interior,en,"Rear seat belt buckle is stuck, cannot release the belt. <p>this is a complaint</p>"
R000773,powertrain,en,"12v battery drains overnight, car will not start in the morning. VIN: WDB2030461A123456"
R000774,interior,en,Cup holder cracked after 44 months of normal use. Contact me at john.doe@example.com or +49 30 1234567.
R000775,interior,en,Cup holder cracked after 13 months of normal use. Contact me at john.doe@example.com or +49 30 1234567.
R000776,display_infotainment,de,MBUX-Bildschirm friert waehrend der Navigation ein. VIN: WDB2030461A123456
R000777,interior,en,Cabin filter smells musty even after replacement. <p>this is a complaint</p>
R000778,interior,en,Cabin filter smells musty even after replacement. <p>this is a complaint</p>
R000779,interior,en,"Rear seat belt buckle is stuck, cannot release the belt."
R000780,display_infotainment,en,Bluetooth pairing drops every time the car is restarted. VIN: WDB2030461A123456
R000781,interior,en,Power window switch on driver door is unresponsive intermittently.  multiple   spaces   here  
R000782,interior,en,"Sunroof refuses to close in cold weather, error on dashboard. <p>this is a complaint</p>"
R000783,powertrain,de,Der Turbolader pfeift laut bei hoher Drehzahl. Contact me at john.doe@example.com or +49 30 1234567.
R000784,interior,en,Mirror auto-dimming feature does not work at night.  multiple   spaces   here  
R000785,powertrain,en,Diesel particulate filter regeneration fails repeatedly.
R000786,interior,en,Climate control blows cold air on driver side and hot on passenger side. Mercedes please help.
R000787,display_infotainment,de,Hey Mercedes Sprachassistent versteht Befehle nicht. Please fix this asap.
R000788,display_infotainment,fr,"L ecran MBUX se fige pendant la navigation, redemarrage requis."
R000789,interior,en,Power window switch on driver door is unresponsive intermittently. <p>this is a complaint</p>
R000790,interior,en,Mirror auto-dimming feature does not work at night. Contact me at john.doe@example.com or +49 30 1234567.
R000791,interior,en,Center console armrest is loose and wobbles when leaning on it. Contact me at john.doe@example.com or +49 30 1234567.
R000792,interior,en,Driver seat cushion has worn through after 36 months.
R000793,display_infotainment,pl,"Ekran MBUX zawiesza sie podczas nawigacji, wymaga restartu."
R000794,interior,en,"Dome light stays on after locking the car, drains the 12v battery. <p>this is a complaint</p>"
R000795,interior,en,"Sunroof refuses to close in cold weather, error on dashboard."
R000796,interior,en,Climate control blows cold air on driver side and hot on passenger side.
R000797,interior,en,The driver seat heater stops working after 8 minutes of driving. Mercedes please help.
R000798,interior,en,"Rear seat belt buckle is stuck, cannot release the belt."
R000799,interior,en,"Ambient lighting flickers randomly at night, very distracting."
R000800,display_infotainment,es,La pantalla MBUX se congela durante la navegacion.
R000801,interior,en,Mirror auto-dimming feature does not work at night. Contact me at john.doe@example.com or +49 30 1234567.
R000802,interior,en,"Sunroof refuses to close in cold weather, error on dashboard.  multiple   spaces   here  "
R000803,display_infotainment,de,MBUX-Bildschirm friert waehrend der Navigation ein.
R000804,interior,en,Mirror auto-dimming feature does not work at night.  multiple   spaces   here  
R000805,interior,en,"Dome light stays on after locking the car, drains the 12v battery."
R000806,interior,en,Center console armrest is loose and wobbles when leaning on it.
R000807,display_infotainment,en,Wireless charger overheats and stops charging the phone. Mercedes please help.
R000808,display_infotainment,en,Wireless charger overheats and stops charging the phone.
R000809,display_infotainment,de,Hey Mercedes Sprachassistent versteht Befehle nicht.  multiple   spaces   here  
R000810,interior,en,Mirror auto-dimming feature does not work at night. <p>this is a complaint</p>
R000811,display_infotainment,es,La pantalla MBUX se congela durante la navegacion.
R000812,display_infotainment,en,"MBUX touchscreen freezes during navigation, requires reboot."
R000813,interior,en,Passenger seat ventilation makes a loud rattling noise on bumpy roads. Please fix this asap.
R000814,interior,en,"Glove box latch broke, lid will not stay closed. VIN: WDB2030461A123456"
R000815,interior,en,Mirror auto-dimming feature does not work at night.
R000816,display_infotainment,de,Burmester Soundsystem hat statisches Rauschen am hinteren rechten Lautsprecher.
R000817,interior,en,Passenger seat ventilation makes a loud rattling noise on bumpy roads. Please fix this asap.
R000818,interior,en,"Rear seat belt buckle is stuck, cannot release the belt. !!!!!!"
R000819,interior,en,"Ambient lighting flickers randomly at night, very distracting."
R000820,powertrain,en,Diesel particulate filter regeneration fails repeatedly. Plate: B-MW 1234
R000821,interior,en,"Sunroof refuses to close in cold weather, error on dashboard."
R000822,interior,en,"Glove box latch broke, lid will not stay closed. Mercedes please help."
R000823,display_infotainment,da,"MBUX skaermen fryser under navigation, skal genstartes. Please fix this asap."
R000824,interior,en,"Glove box latch broke, lid will not stay closed."
R000825,interior,en,"Ambient lighting flickers randomly at night, very distracting. Contact me at john.doe@example.com or +49 30 1234567."
R000826,interior,en,"Sunroof refuses to close in cold weather, error on dashboard."
R000827,interior,en,"Sunroof refuses to close in cold weather, error on dashboard. Contact me at john.doe@example.com or +49 30 1234567."
R000828,powertrain,de,Der Turbolader pfeift laut bei hoher Drehzahl.
R000829,interior,en,"Dome light stays on after locking the car, drains the 12v battery."
R000830,interior,en,Cup holder cracked after 46 months of normal use.
R000831,interior,en,Passenger seat ventilation makes a loud rattling noise on bumpy roads. Contact me at john.doe@example.com or +49 30 1234567.
R000832,interior,en,Steering wheel heater only warms the lower half of the rim. !!!!!!
R000833,interior,en,Mirror auto-dimming feature does not work at night. <p>this is a complaint</p>
R000834,powertrain,en,AdBlue warning appears constantly even after refilling. !!!!!!
R000835,display_infotainment,en,GPS navigation routes through closed roads repeatedly. Please fix this asap.
R000836,interior,en,"Sunroof refuses to close in cold weather, error on dashboard."
R000837,interior,en,"Rear seat belt buckle is stuck, cannot release the belt. <p>this is a complaint</p>"
R000838,display_infotainment,de,Apple CarPlay trennt die Verbindung alle 28 Minuten. <p>this is a complaint</p>
R000839,interior,en,"Rear seat belt buckle is stuck, cannot release the belt.  multiple   spaces   here  "
R000840,interior,en,"Glove box latch broke, lid will not stay closed."
R000841,powertrain,en,9G transmission shifts hard between 2nd and 3rd gear when cold. VIN: WDB2030461A123456
R000842,interior,en,Center console armrest is loose and wobbles when leaning on it. Please fix this asap.
R000843,interior,en,"Dome light stays on after locking the car, drains the 12v battery."
R000844,interior,en,Climate control blows cold air on driver side and hot on passenger side. VIN: WDB2030461A123456
R000845,interior,en,Climate control blows cold air on driver side and hot on passenger side.
R000846,interior,en,Driver seat cushion has worn through after 35 months. Contact me at john.doe@example.com or +49 30 1234567.
R000847,interior,en,"Sunroof refuses to close in cold weather, error on dashboard. <p>this is a complaint</p>"
R000848,interior,en,Passenger seat ventilation makes a loud rattling noise on bumpy roads. VIN: WDB2030461A123456
R000849,interior,en,The driver seat heater stops working after 31 minutes of driving.
R000850,interior,en,"Rear seat belt buckle is stuck, cannot release the belt. Plate: B-MW 1234"
R000851,interior,en,"Rear seat belt buckle is stuck, cannot release the belt. !!!!!!"
R000852,display_infotainment,pl,Apple CarPlay rozlacza sie co 3 minut. Mercedes please help.
R000853,interior,en,The driver seat heater stops working after 49 minutes of driving.
R000854,interior,en,The driver seat heater stops working after 29 minutes of driving. Please fix this asap.
R000855,powertrain,de,Dieselpartikelfilter-Regeneration schlaegt wiederholt fehl.
R000856,display_infotainment,en,Hey Mercedes voice assistant does not recognize commands. Contact me at john.doe@example.com or +49 30 1234567.
R000857,interior,en,Steering wheel heater only warms the lower half of the rim.
R000858,powertrain,de,Die 12V-Batterie entlaedt sich ueber Nacht komplett. Please fix this asap.
R000859,display_infotainment,de,Hey Mercedes Sprachassistent versteht Befehle nicht. Contact me at john.doe@example.com or +49 30 1234567.
R000860,display_infotainment,es,La pantalla MBUX se congela durante la navegacion. Mercedes please help.
R000861,interior,en,"Glove box latch broke, lid will not stay closed. !!!!!!"
R000862,display_infotainment,en,Burmester audio system has static noise on right rear speaker. !!!!!!
R000863,display_infotainment,en,Backup camera shows black screen when reverse is engaged.
R000864,display_infotainment,de,Hey Mercedes Sprachassistent versteht Befehle nicht. VIN: WDB2030461A123456
R000865,interior,en,"Sunroof refuses to close in cold weather, error on dashboard."
R000866,powertrain,en,Diesel particulate filter regeneration fails repeatedly. Contact me at john.doe@example.com or +49 30 1234567.
R000867,interior,en,Climate control blows cold air on driver side and hot on passenger side. Mercedes please help.
R000868,interior,en,Driver seat cushion has worn through after 16 months.
R000869,interior,en,"Ambient lighting flickers randomly at night, very distracting."
R000870,interior,en,Mirror auto-dimming feature does not work at night. <p>this is a complaint</p>
R000871,powertrain,en,Turbocharger whines loudly above 53000 rpm. !!!!!!
R000872,interior,en,Cabin filter smells musty even after replacement.
R000873,interior,en,Passenger seat ventilation makes a loud rattling noise on bumpy roads.
R000874,interior,en,"Rear seat belt buckle is stuck, cannot release the belt. Plate: B-MW 1234"
R000875,interior,en,Driver seat cushion has worn through after 5 months.
R000876,powertrain,de,AdBlue-Warnung bleibt trotz Nachfuellen bestehen. Contact me at john.doe@example.com or +49 30 1234567.
R000877,interior,en,"Sunroof refuses to close in cold weather, error on dashboard.  multiple   spaces   here  "
R000878,display_infotainment,en,Apple CarPlay disconnects every 10 minutes when using maps. VIN: WDB2030461A123456
R000879,display_infotainment,en,Software update OTA failed and bricked the head unit. <p>this is a complaint</p>
R000880,interior,en,"Dome light stays on after locking the car, drains the 12v battery. Plate: B-MW 1234"
R000881,powertrain,de,Der Turbolader pfeift laut bei hoher Drehzahl.
R000882,interior,en,"Ambient lighting flickers randomly at night, very distracting. !!!!!!"
R000883,interior,en,Steering wheel heater only warms the lower half of the rim.
R000884,interior,en,Climate control blows cold air on driver side and hot on passenger side. Plate: B-MW 1234
R000885,display_infotainment,es,La pantalla MBUX se congela durante la navegacion.
R000886,interior,en,Steering wheel heater only warms the lower half of the rim. VIN: WDB2030461A123456
R000887,interior,en,Cup holder cracked after 43 months of normal use. !!!!!!
R000888,interior,en,Climate control blows cold air on driver side and hot on passenger side. Please fix this asap.
R000889,interior,en,Steering wheel heater only warms the lower half of the rim.
R000890,interior,en,"Ambient lighting flickers randomly at night, very distracting.  multiple   spaces   here  "
R000891,interior,en,"Sunroof refuses to close in cold weather, error on dashboard."
R000892,interior,en,Center console armrest is loose and wobbles when leaning on it.
R000893,display_infotainment,es,La pantalla MBUX se congela durante la navegacion.
R000894,interior,en,Steering wheel heater only warms the lower half of the rim. VIN: WDB2030461A123456
R000895,interior,en,Steering wheel heater only warms the lower half of the rim.
R000896,interior,en,Cup holder cracked after 43 months of normal use.
R000897,display_infotainment,it,Lo schermo MBUX si blocca durante la navigazione. Please fix this asap.
R000898,interior,en,Center console armrest is loose and wobbles when leaning on it.
R000899,interior,en,Steering wheel heater only warms the lower half of the rim. !!!!!!
R000900,interior,en,The driver seat heater stops working after 57 minutes of driving.
R000901,interior,en,Cabin filter smells musty even after replacement. Plate: B-MW 1234
R000902,powertrain,de,Dieselpartikelfilter-Regeneration schlaegt wiederholt fehl.
R000903,interior,en,Driver seat cushion has worn through after 60 months. Please fix this asap.
R000904,interior,en,Mirror auto-dimming feature does not work at night.
R000905,interior,en,"Sunroof refuses to close in cold weather, error on dashboard. <p>this is a complaint</p>"
R000906,interior,en,Cabin filter smells musty even after replacement. Contact me at john.doe@example.com or +49 30 1234567.
R000907,display_infotainment,pl,"Ekran MBUX zawiesza sie podczas nawigacji, wymaga restartu. Plate: B-MW 1234"
R000908,powertrain,de,AdBlue-Warnung bleibt trotz Nachfuellen bestehen.
R000909,interior,en,Cabin filter smells musty even after replacement.
R000910,interior,en,Climate control blows cold air on driver side and hot on passenger side. !!!!!!
R000911,interior,en,Power window switch on driver door is unresponsive intermittently. Please fix this asap.
R000912,interior,en,"Rear seat belt buckle is stuck, cannot release the belt. Contact me at john.doe@example.com or +49 30 1234567."
R000913,interior,en,Center console armrest is loose and wobbles when leaning on it. Contact me at john.doe@example.com or +49 30 1234567.
R000914,powertrain,de,Der Turbolader pfeift laut bei hoher Drehzahl.
R000915,interior,en,Steering wheel heater only warms the lower half of the rim.
R000916,interior,en,"Sunroof refuses to close in cold weather, error on dashboard. <p>this is a complaint</p>"
R000917,interior,en,Power window switch on driver door is unresponsive intermittently. VIN: WDB2030461A123456
R000918,display_infotainment,da,Bakkamera viser sort skaerm naar jeg saetter i bakgear. <p>this is a complaint</p>
R000919,interior,en,"Ambient lighting flickers randomly at night, very distracting."
R000920,interior,en,Steering wheel heater only warms the lower half of the rim. Plate: B-MW 1234
R000921,display_infotainment,de,Drahtloses Ladegeraet ueberhitzt und stoppt das Laden. VIN: WDB2030461A123456
R000922,interior,en,"Glove box latch broke, lid will not stay closed. Please fix this asap."
R000923,interior,en,Driver seat cushion has worn through after 33 months. <p>this is a complaint</p>
R000924,interior,en,"Rear seat belt buckle is stuck, cannot release the belt. Contact me at john.doe@example.com or +49 30 1234567."
R000925,interior,en,Cabin filter smells musty even after replacement. Please fix this asap.
R000926,interior,en,Center console armrest is loose and wobbles when leaning on it. VIN: WDB2030461A123456
R000927,interior,en,Mirror auto-dimming feature does not work at night. VIN: WDB2030461A123456
R000928,display_infotainment,es,La camara de marcha atras muestra pantalla negra.
R000929,interior,en,Driver seat cushion has worn through after 56 months.
R000930,display_infotainment,tr,Geri vites kamerasi siyah ekran gosteriyor.
R000931,powertrain,de,Die 12V-Batterie entlaedt sich ueber Nacht komplett.
R000932,display_infotainment,en,Software update OTA failed and bricked the head unit.
R000933,powertrain,en,"Engine misfire under heavy acceleration, check engine light on."
R000934,interior,en,Cup holder cracked after 5 months of normal use. Plate: B-MW 1234
R000935,interior,en,Mirror auto-dimming feature does not work at night. Plate: B-MW 1234
R000936,display_infotainment,tr,Geri vites kamerasi siyah ekran gosteriyor. Contact me at john.doe@example.com or +49 30 1234567.
R000937,interior,en,Climate control blows cold air on driver side and hot on passenger side. VIN: WDB2030461A123456
R000938,interior,en,The driver seat heater stops working after 35 minutes of driving. <p>this is a complaint</p>
R000939,interior,en,Power window switch on driver door is unresponsive intermittently.
R000940,interior,en,Center console armrest is loose and wobbles when leaning on it. !!!!!!
R000941,interior,en,Mirror auto-dimming feature does not work at night.
R000942,interior,en,Passenger seat ventilation makes a loud rattling noise on bumpy roads. VIN: WDB2030461A123456
R000943,interior,en,"Sunroof refuses to close in cold weather, error on dashboard. Plate: B-MW 1234"
R000944,interior,en,Driver seat cushion has worn through after 24 months.
R000945,display_infotainment,en,Hey Mercedes voice assistant does not recognize commands. Please fix this asap.
R000946,display_infotainment,de,Burmester Soundsystem hat statisches Rauschen am hinteren rechten Lautsprecher. Plate: B-MW 1234
R000947,interior,en,Center console armrest is loose and wobbles when leaning on it.
R000948,interior,en,Driver seat cushion has worn through after 56 months.
R000949,interior,en,Driver seat cushion has worn through after 43 months.  multiple   spaces   here  
R000950,interior,en,Steering wheel heater only warms the lower half of the rim. Mercedes please help.
R000951,interior,en,"Rear seat belt buckle is stuck, cannot release the belt."
R000952,interior,en,Center console armrest is loose and wobbles when leaning on it.
R000953,interior,en,Driver seat cushion has worn through after 29 months. !!!!!!
R000954,display_infotainment,da,Bakkamera viser sort skaerm naar jeg saetter i bakgear.
R000955,display_infotainment,es,La pantalla MBUX se congela durante la navegacion.
R000956,interior,en,Mirror auto-dimming feature does not work at night. <p>this is a complaint</p>
R000957,display_infotainment,de,Drahtloses Ladegeraet ueberhitzt und stoppt das Laden.
R000958,interior,en,Passenger seat ventilation makes a loud rattling noise on bumpy roads. !!!!!!
R000959,display_infotainment,it,Apple CarPlay si disconnette ogni 36 minuti. Plate: B-MW 1234
R000960,interior,en,"Ambient lighting flickers randomly at night, very distracting. Please fix this asap."
R000961,interior,en,"Sunroof refuses to close in cold weather, error on dashboard. Plate: B-MW 1234"
R000962,interior,en,Driver seat cushion has worn through after 47 months. Mercedes please help.
R000963,display_infotainment,en,GPS navigation routes through closed roads repeatedly.
R000964,interior,en,"Dome light stays on after locking the car, drains the 12v battery. Mercedes please help."
R000965,interior,en,Climate control blows cold air on driver side and hot on passenger side. Please fix this asap.
R000966,interior,en,Center console armrest is loose and wobbles when leaning on it.
R000967,display_infotainment,pl,"Ekran MBUX zawiesza sie podczas nawigacji, wymaga restartu. <p>this is a complaint</p>"
R000968,interior,en,Center console armrest is loose and wobbles when leaning on it. Please fix this asap.
R000969,interior,en,Steering wheel heater only warms the lower half of the rim.
R000970,display_infotainment,de,MBUX-Bildschirm friert waehrend der Navigation ein. Plate: B-MW 1234
R000971,powertrain,de,AdBlue-Warnung bleibt trotz Nachfuellen bestehen.  multiple   spaces   here  
R000972,interior,en,"Glove box latch broke, lid will not stay closed."
R000973,display_infotainment,de,Burmester Soundsystem hat statisches Rauschen am hinteren rechten Lautsprecher. Contact me at john.doe@example.com or +49 30 1234567.
R000974,interior,en,Climate control blows cold air on driver side and hot on passenger side. Mercedes please help.
R000975,interior,en,"Glove box latch broke, lid will not stay closed. Plate: B-MW 1234"
R000976,interior,en,Passenger seat ventilation makes a loud rattling noise on bumpy roads.  multiple   spaces   here  
R000977,interior,en,Cabin filter smells musty even after replacement.
R000978,powertrain,en,9G transmission shifts hard between 2nd and 3rd gear when cold.
R000979,interior,en,Center console armrest is loose and wobbles when leaning on it.  multiple   spaces   here  
R000980,interior,en,Center console armrest is loose and wobbles when leaning on it. Mercedes please help.
R000981,interior,en,Passenger seat ventilation makes a loud rattling noise on bumpy roads.
R000982,interior,en,Power window switch on driver door is unresponsive intermittently. Contact me at john.doe@example.com or +49 30 1234567.
R000983,interior,en,Power window switch on driver door is unresponsive intermittently.
R000984,interior,en,"Ambient lighting flickers randomly at night, very distracting. Mercedes please help."
R000985,interior,en,Climate control blows cold air on driver side and hot on passenger side. VIN: WDB2030461A123456
R000986,interior,en,The driver seat heater stops working after 7 minutes of driving. Please fix this asap.
R000987,interior,en,"Dome light stays on after locking the car, drains the 12v battery. Plate: B-MW 1234"
R000988,display_infotainment,it,Lo schermo MBUX si blocca durante la navigazione. Mercedes please help.
R000989,interior,en,Steering wheel heater only warms the lower half of the rim. Mercedes please help.
R000990,powertrain,de,Dieselpartikelfilter-Regeneration schlaegt wiederholt fehl.
R000991,interior,en,"Ambient lighting flickers randomly at night, very distracting. !!!!!!"
R000992,interior,en,"Ambient lighting flickers randomly at night, very distracting."
R000993,interior,en,"Rear seat belt buckle is stuck, cannot release the belt."
R000994,interior,en,Steering wheel heater only warms the lower half of the rim.
R000995,interior,en,"Rear seat belt buckle is stuck, cannot release the belt.  multiple   spaces   here  "
R000996,interior,en,Power window switch on driver door is unresponsive intermittently.
R000997,powertrain,de,Reichweite der Hochvoltbatterie ist nach einem Winter um 40 Prozent gesunken. Plate: B-MW 1234
R000998,interior,en,Passenger seat ventilation makes a loud rattling noise on bumpy roads.
R000999,interior,en,Steering wheel heater only warms the lower half of the rim. Please fix this asap.
R001000,display_infotainment,de,Hey Mercedes Sprachassistent versteht Befehle nicht.  multiple   spaces   here  
R001001,display_infotainment,de,Burmester Soundsystem hat statisches Rauschen am hinteren rechten Lautsprecher. Please fix this asap.
R001002,interior,en,Driver seat cushion has worn through after 57 months. !!!!!!
R001003,display_infotainment,en,Burmester audio system has static noise on right rear speaker.
R001004,interior,en,Center console armrest is loose and wobbles when leaning on it.
R001005,interior,en,"Ambient lighting flickers randomly at night, very distracting. Mercedes please help."
R001006,display_infotainment,en,GPS navigation routes through closed roads repeatedly. <p>this is a complaint</p>
R001007,interior,en,"Rear seat belt buckle is stuck, cannot release the belt. Plate: B-MW 1234"
R001008,display_infotainment,de,MBUX-Bildschirm friert waehrend der Navigation ein. Mercedes please help.
R001009,interior,en,Cabin filter smells musty even after replacement. Mercedes please help.
R001010,interior,en,Mirror auto-dimming feature does not work at night. Plate: B-MW 1234
R001011,interior,en,Climate control blows cold air on driver side and hot on passenger side.
R001012,interior,en,Climate control blows cold air on driver side and hot on passenger side.
R001013,display_infotainment,de,Burmester Soundsystem hat statisches Rauschen am hinteren rechten Lautsprecher. <p>this is a complaint</p>
R001014,interior,en,Cabin filter smells musty even after replacement.
R001015,display_infotainment,en,Hey Mercedes voice assistant does not recognize commands.  multiple   spaces   here  
R001016,display_infotainment,tr,Geri vites kamerasi siyah ekran gosteriyor. Contact me at john.doe@example.com or +49 30 1234567.
R001017,interior,en,Power window switch on driver door is unresponsive intermittently.
R001018,interior,en,"Ambient lighting flickers randomly at night, very distracting. <p>this is a complaint</p>"
R001019,interior,en,Steering wheel heater only warms the lower half of the rim.
R001020,interior,en,"Dome light stays on after locking the car, drains the 12v battery. Contact me at john.doe@example.com or +49 30 1234567."
R001021,interior,en,Climate control blows cold air on driver side and hot on passenger side. VIN: WDB2030461A123456
R001022,display_infotainment,it,Lo schermo MBUX si blocca durante la navigazione. <p>this is a complaint</p>
R001023,interior,en,The driver seat heater stops working after 52 minutes of driving. Please fix this asap.
R001024,powertrain,de,Dieselpartikelfilter-Regeneration schlaegt wiederholt fehl. Plate: B-MW 1234
R001025,interior,en,Passenger seat ventilation makes a loud rattling noise on bumpy roads.
R001026,powertrain,de,Das 9G-Getriebe schaltet im kalten Zustand sehr hart.
R001027,interior,en,The driver seat heater stops working after 38 minutes of driving. !!!!!!
R001028,interior,en,Steering wheel heater only warms the lower half of the rim.  multiple   spaces   here  
R001029,interior,en,Cabin filter smells musty even after replacement. Mercedes please help.
R001030,interior,en,Passenger seat ventilation makes a loud rattling noise on bumpy roads.
R001031,interior,en,Center console armrest is loose and wobbles when leaning on it. VIN: WDB2030461A123456
R001032,interior,en,Center console armrest is loose and wobbles when leaning on it. Plate: B-MW 1234
R001033,interior,en,Cup holder cracked after 27 months of normal use. Contact me at john.doe@example.com or +49 30 1234567.
R001034,powertrain,de,Der Elektromotor brummt beim Anfahren aus dem Stand.
R001035,interior,en,The driver seat heater stops working after 32 minutes of driving.
R001036,interior,en,Mirror auto-dimming feature does not work at night.
R001037,interior,en,Center console armrest is loose and wobbles when leaning on it.
R001038,interior,en,Cup holder cracked after 31 months of normal use.  multiple   spaces   here  
R001039,interior,en,"Rear seat belt buckle is stuck, cannot release the belt. Please fix this asap."
R001040,interior,en,"Rear seat belt buckle is stuck, cannot release the belt. <p>this is a complaint</p>"
R001041,interior,en,Cup holder cracked after 6 months of normal use.
R001042,interior,en,Center console armrest is loose and wobbles when leaning on it.
R001043,interior,en,Cup holder cracked after 43 months of normal use.
R001044,interior,en,"Ambient lighting flickers randomly at night, very distracting. <p>this is a complaint</p>"
R001045,interior,en,"Ambient lighting flickers randomly at night, very distracting. VIN: WDB2030461A123456"
R001046,interior,en,Climate control blows cold air on driver side and hot on passenger side. Mercedes please help.
R001047,display_infotainment,en,Software update OTA failed and bricked the head unit.  multiple   spaces   here  
R001048,interior,en,"Ambient lighting flickers randomly at night, very distracting."
R001049,interior,en,Steering wheel heater only warms the lower half of the rim. Mercedes please help.
R001050,interior,en,"Dome light stays on after locking the car, drains the 12v battery."
R001051,interior,en,Steering wheel heater only warms the lower half of the rim. Mercedes please help.
R001052,interior,en,"Sunroof refuses to close in cold weather, error on dashboard."
R001053,interior,en,Center console armrest is loose and wobbles when leaning on it.  multiple   spaces   here  
R001054,display_infotainment,da,Bakkamera viser sort skaerm naar jeg saetter i bakgear.
R001055,display_infotainment,da,Bluetooth-forbindelsen afbrydes hver gang bilen genstartes.
R001056,interior,en,"Sunroof refuses to close in cold weather, error on dashboard. Contact me at john.doe@example.com or +49 30 1234567."
R001057,interior,en,"Glove box latch broke, lid will not stay closed. Contact me at john.doe@example.com or +49 30 1234567."
R001058,interior,en,"Glove box latch broke, lid will not stay closed. Please fix this asap."
R001059,interior,en,"Dome light stays on after locking the car, drains the 12v battery. Mercedes please help."
R001060,interior,en,Cup holder cracked after 24 months of normal use. Contact me at john.doe@example.com or +49 30 1234567.
R001061,interior,en,Driver seat cushion has worn through after 45 months. <p>this is a complaint</p>
R001062,display_infotainment,es,La pantalla MBUX se congela durante la navegacion. Plate: B-MW 1234
R001063,interior,en,"Glove box latch broke, lid will not stay closed."
R001064,interior,en,"Sunroof refuses to close in cold weather, error on dashboard."
R001065,interior,en,Cup holder cracked after 46 months of normal use.
R001066,interior,en,Steering wheel heater only warms the lower half of the rim. Plate: B-MW 1234
R001067,interior,en,Steering wheel heater only warms the lower half of the rim. Mercedes please help.
R001068,interior,en,"Glove box latch broke, lid will not stay closed. VIN: WDB2030461A123456"
R001069,interior,en,"Glove box latch broke, lid will not stay closed."
R001070,interior,en,"Rear seat belt buckle is stuck, cannot release the belt."
R001071,interior,en,Cup holder cracked after 55 months of normal use. Contact me at john.doe@example.com or +49 30 1234567.
R001072,interior,en,Driver seat cushion has worn through after 24 months.
R001073,interior,en,"Sunroof refuses to close in cold weather, error on dashboard. Mercedes please help."
R001074,display_infotainment,da,"MBUX skaermen fryser under navigation, skal genstartes. !!!!!!"
R001075,interior,en,"Glove box latch broke, lid will not stay closed. Contact me at john.doe@example.com or +49 30 1234567."
R001076,interior,en,Driver seat cushion has worn through after 30 months. Contact me at john.doe@example.com or +49 30 1234567.
R001077,interior,en,"Dome light stays on after locking the car, drains the 12v battery."
R001078,display_infotainment,en,Software update OTA failed and bricked the head unit.
R001079,interior,en,"Sunroof refuses to close in cold weather, error on dashboard. VIN: WDB2030461A123456"
R001080,interior,en,Cabin filter smells musty even after replacement. Contact me at john.doe@example.com or +49 30 1234567.
R001081,interior,en,Cabin filter smells musty even after replacement.  multiple   spaces   here  
R001082,interior,en,Climate control blows cold air on driver side and hot on passenger side.
R001083,interior,en,Power window switch on driver door is unresponsive intermittently.  multiple   spaces   here  
R001084,interior,en,Cup holder cracked after 36 months of normal use.  multiple   spaces   here  
R001085,interior,en,Center console armrest is loose and wobbles when leaning on it. Contact me at john.doe@example.com or +49 30 1234567.
R001086,interior,en,Steering wheel heater only warms the lower half of the rim.
R001087,powertrain,en,Electric motor produces a humming noise when accelerating from stop.
R001088,display_infotainment,en,Apple CarPlay disconnects every 30 minutes when using maps.
R001089,interior,en,Driver seat cushion has worn through after 7 months. Contact me at john.doe@example.com or +49 30 1234567.
R001090,display_infotainment,en,Backup camera shows black screen when reverse is engaged.  multiple   spaces   here  
R001091,display_infotainment,en,Head-up display flickers in direct sunlight.  multiple   spaces   here  
R001092,powertrain,de,Das 9G-Getriebe schaltet im kalten Zustand sehr hart. <p>this is a complaint</p>
R001093,interior,en,Steering wheel heater only warms the lower half of the rim.
R001094,interior,en,Cabin filter smells musty even after replacement.
R001095,display_infotainment,fr,"L ecran MBUX se fige pendant la navigation, redemarrage requis."
R001096,interior,en,Climate control blows cold air on driver side and hot on passenger side.
R001097,interior,en,"Ambient lighting flickers randomly at night, very distracting. Please fix this asap."
R001098,display_infotainment,en,GPS navigation routes through closed roads repeatedly.
R001099,interior,en,Driver seat cushion has worn through after 34 months. !!!!!!
R001100,display_infotainment,en,Burmester audio system has static noise on right rear speaker.  multiple   spaces   here  
R001101,display_infotainment,es,La pantalla MBUX se congela durante la navegacion.
R001102,display_infotainment,it,Lo schermo MBUX si blocca durante la navigazione. !!!!!!
R001103,interior,en,Driver seat cushion has worn through after 10 months.
R001104,interior,en,Cup holder cracked after 55 months of normal use.
R001105,powertrain,de,AdBlue-Warnung bleibt trotz Nachfuellen bestehen. Contact me at john.doe@example.com or +49 30 1234567.
R001106,interior,en,"Glove box latch broke, lid will not stay closed."
R001107,interior,en,Steering wheel heater only warms the lower half of the rim. Contact me at john.doe@example.com or +49 30 1234567.
R001108,interior,en,Cabin filter smells musty even after replacement.  multiple   spaces   here  
R001109,interior,en,Climate control blows cold air on driver side and hot on passenger side. <p>this is a complaint</p>
R001110,interior,en,Mirror auto-dimming feature does not work at night. Please fix this asap.
R001111,interior,en,"Rear seat belt buckle is stuck, cannot release the belt. Please fix this asap."
R001112,interior,en,Driver seat cushion has worn through after 51 months. <p>this is a complaint</p>
R001113,interior,en,"Rear seat belt buckle is stuck, cannot release the belt. !!!!!!"
R001114,interior,en,Cup holder cracked after 56 months of normal use.
R001115,display_infotainment,de,Hey Mercedes Sprachassistent versteht Befehle nicht.
R001116,display_infotainment,fr,La camera de recul affiche un ecran noir.
R001117,interior,en,Cup holder cracked after 55 months of normal use.
R001118,interior,en,"Dome light stays on after locking the car, drains the 12v battery."
R001119,interior,en,"Rear seat belt buckle is stuck, cannot release the belt.  multiple   spaces   here  "
R001120,interior,en,"Glove box latch broke, lid will not stay closed.  multiple   spaces   here  "
R001121,interior,en,Passenger seat ventilation makes a loud rattling noise on bumpy roads. !!!!!!
R001122,display_infotainment,de,Burmester Soundsystem hat statisches Rauschen am hinteren rechten Lautsprecher.
R001123,interior,en,Driver seat cushion has worn through after 12 months. Contact me at john.doe@example.com or +49 30 1234567.
R001124,interior,en,Steering wheel heater only warms the lower half of the rim.
R001125,display_infotainment,es,La pantalla MBUX se congela durante la navegacion.
R001126,display_infotainment,en,GPS navigation routes through closed roads repeatedly.
R001127,display_infotainment,it,Apple CarPlay si disconnette ogni 19 minuti.
R001128,interior,en,Power window switch on driver door is unresponsive intermittently.
R001129,interior,en,Mirror auto-dimming feature does not work at night. !!!!!!
R001130,interior,en,Steering wheel heater only warms the lower half of the rim. !!!!!!
R001131,interior,en,Center console armrest is loose and wobbles when leaning on it.  multiple   spaces   here  
R001132,interior,en,"Glove box latch broke, lid will not stay closed."
R001133,powertrain,en,"Engine misfire under heavy acceleration, check engine light on."
R001134,interior,en,"Ambient lighting flickers randomly at night, very distracting. Plate: B-MW 1234"
R001135,interior,en,"Glove box latch broke, lid will not stay closed. Contact me at john.doe@example.com or +49 30 1234567."
R001136,interior,en,Center console armrest is loose and wobbles when leaning on it. Please fix this asap.
R001137,display_infotainment,it,Lo schermo MBUX si blocca durante la navigazione. Mercedes please help.
R001138,interior,en,"Rear seat belt buckle is stuck, cannot release the belt."
R001139,interior,en,Passenger seat ventilation makes a loud rattling noise on bumpy roads. <p>this is a complaint</p>
R001140,display_infotainment,en,Backup camera shows black screen when reverse is engaged. Please fix this asap.
R001141,interior,en,Power window switch on driver door is unresponsive intermittently.
R001142,interior,en,Driver seat cushion has worn through after 50 months.
R001143,interior,en,"Glove box latch broke, lid will not stay closed."
R001144,interior,en,"Dome light stays on after locking the car, drains the 12v battery."
R001145,interior,en,"Ambient lighting flickers randomly at night, very distracting. Contact me at john.doe@example.com or +49 30 1234567."
R001146,interior,en,"Sunroof refuses to close in cold weather, error on dashboard. !!!!!!"
R001147,powertrain,de,Die 12V-Batterie entlaedt sich ueber Nacht komplett. Plate: B-MW 1234
R001148,interior,en,Driver seat cushion has worn through after 15 months.
R001149,display_infotainment,en,Burmester audio system has static noise on right rear speaker.  multiple   spaces   here  
R001150,interior,en,Center console armrest is loose and wobbles when leaning on it. Mercedes please help.
R001151,interior,en,Steering wheel heater only warms the lower half of the rim. Please fix this asap.
R001152,display_infotainment,en,Software update OTA failed and bricked the head unit.
R001153,interior,en,"Sunroof refuses to close in cold weather, error on dashboard. VIN: WDB2030461A123456"
R001154,interior,en,Center console armrest is loose and wobbles when leaning on it. Plate: B-MW 1234
R001155,interior,en,Center console armrest is loose and wobbles when leaning on it.
R001156,display_infotainment,tr,Geri vites kamerasi siyah ekran gosteriyor.
R001157,interior,en,"Dome light stays on after locking the car, drains the 12v battery. VIN: WDB2030461A123456"
R001158,interior,en,Steering wheel heater only warms the lower half of the rim.
R001159,interior,en,Cabin filter smells musty even after replacement.  multiple   spaces   here  
R001160,display_infotainment,de,Drahtloses Ladegeraet ueberhitzt und stoppt das Laden. Mercedes please help.
R001161,interior,en,"Rear seat belt buckle is stuck, cannot release the belt. !!!!!!"
R001162,interior,en,Climate control blows cold air on driver side and hot on passenger side.
R001163,display_infotainment,es,La pantalla MBUX se congela durante la navegacion. Please fix this asap.
R001164,interior,en,Driver seat cushion has worn through after 55 months. Plate: B-MW 1234
R001165,interior,en,Climate control blows cold air on driver side and hot on passenger side. !!!!!!
R001166,interior,en,"Rear seat belt buckle is stuck, cannot release the belt.  multiple   spaces   here  "
R001167,interior,en,"Dome light stays on after locking the car, drains the 12v battery."
R001168,interior,en,"Sunroof refuses to close in cold weather, error on dashboard."
R001169,display_infotainment,es,La camara de marcha atras muestra pantalla negra.  multiple   spaces   here  
R001170,interior,en,Power window switch on driver door is unresponsive intermittently. !!!!!!
R001171,powertrain,de,Die 12V-Batterie entlaedt sich ueber Nacht komplett. Mercedes please help.
R001172,powertrain,en,9G transmission shifts hard between 2nd and 3rd gear when cold. !!!!!!
R001173,interior,en,"Dome light stays on after locking the car, drains the 12v battery."
R001174,interior,en,Power window switch on driver door is unresponsive intermittently.
R001175,interior,en,"Sunroof refuses to close in cold weather, error on dashboard.  multiple   spaces   here  "
R001176,interior,en,Cup holder cracked after 27 months of normal use. Plate: B-MW 1234
R001177,interior,en,Driver seat cushion has worn through after 43 months. !!!!!!
R001178,interior,en,Power window switch on driver door is unresponsive intermittently. <p>this is a complaint</p>
R001179,interior,en,Driver seat cushion has worn through after 17 months.
R001180,interior,en,Mirror auto-dimming feature does not work at night. Mercedes please help.
R001181,interior,en,"Dome light stays on after locking the car, drains the 12v battery. Plate: B-MW 1234"
R001182,interior,en,"Glove box latch broke, lid will not stay closed. <p>this is a complaint</p>"
R001183,interior,en,"Ambient lighting flickers randomly at night, very distracting."
R001184,interior,en,"Ambient lighting flickers randomly at night, very distracting. <p>this is a complaint</p>"
R001185,interior,en,"Rear seat belt buckle is stuck, cannot release the belt. Please fix this asap."
R001186,interior,en,Cabin filter smells musty even after replacement. <p>this is a complaint</p>
R001187,interior,en,Cup holder cracked after 10 months of normal use. <p>this is a complaint</p>
R001188,display_infotainment,en,Bluetooth pairing drops every time the car is restarted. <p>this is a complaint</p>
R001189,display_infotainment,pl,Asystent glosowy Hey Mercedes nie rozpoznaje polecen.
R001190,interior,en,Steering wheel heater only warms the lower half of the rim.
R001191,interior,en,Power window switch on driver door is unresponsive intermittently. <p>this is a complaint</p>
R001192,display_infotainment,tr,Apple CarPlay her 6 dakikada bir baglantisi kesiliyor. Contact me at john.doe@example.com or +49 30 1234567.
R001193,interior,en,Cup holder cracked after 5 months of normal use. Contact me at john.doe@example.com or +49 30 1234567.
R001194,display_infotainment,en,Wireless charger overheats and stops charging the phone. Please fix this asap.
R001195,interior,en,Cabin filter smells musty even after replacement.
R001196,display_infotainment,tr,Geri vites kamerasi siyah ekran gosteriyor. <p>this is a complaint</p>
R001197,interior,en,Center console armrest is loose and wobbles when leaning on it. VIN: WDB2030461A123456
R001198,interior,en,Driver seat cushion has worn through after 57 months.
R001199,interior,en,"Rear seat belt buckle is stuck, cannot release the belt. Please fix this asap."
R001200,interior,en,"Ambient lighting flickers randomly at night, very distracting."
R001201,display_infotainment,it,Lo schermo MBUX si blocca durante la navigazione.
R001202,interior,en,Mirror auto-dimming feature does not work at night. <p>this is a complaint</p>
R001203,powertrain,de,Die 12V-Batterie entlaedt sich ueber Nacht komplett.
R001204,interior,en,Steering wheel heater only warms the lower half of the rim. <p>this is a complaint</p>
R001205,interior,en,Driver seat cushion has worn through after 6 months. Plate: B-MW 1234
R001206,interior,en,Climate control blows cold air on driver side and hot on passenger side. !!!!!!
R001207,display_infotainment,en,Wireless charger overheats and stops charging the phone.
R001208,display_infotainment,en,Apple CarPlay disconnects every 27 minutes when using maps.
R001209,display_infotainment,it,Lo schermo MBUX si blocca durante la navigazione.
R001210,powertrain,en,Diesel particulate filter regeneration fails repeatedly. Please fix this asap.
R001211,interior,en,"Rear seat belt buckle is stuck, cannot release the belt."
R001212,interior,en,Power window switch on driver door is unresponsive intermittently. Plate: B-MW 1234
R001213,display_infotainment,pl,Apple CarPlay rozlacza sie co 41 minut.
R001214,interior,en,"Dome light stays on after locking the car, drains the 12v battery. Contact me at john.doe@example.com or +49 30 1234567."
R001215,display_infotainment,pl,Asystent glosowy Hey Mercedes nie rozpoznaje polecen.
R001216,powertrain,de,Dieselpartikelfilter-Regeneration schlaegt wiederholt fehl.  multiple   spaces   here  
R001217,display_infotainment,en,Burmester audio system has static noise on right rear speaker.
R001218,display_infotainment,en,"MBUX touchscreen freezes during navigation, requires reboot."
R001219,interior,en,"Glove box latch broke, lid will not stay closed. <p>this is a complaint</p>"
R001220,display_infotainment,es,La camara de marcha atras muestra pantalla negra. Please fix this asap.
R001221,interior,en,"Glove box latch broke, lid will not stay closed. Mercedes please help."
R001222,display_infotainment,pl,Apple CarPlay rozlacza sie co 21 minut.
R001223,interior,en,"Sunroof refuses to close in cold weather, error on dashboard. Mercedes please help."
R001224,interior,en,The driver seat heater stops working after 11 minutes of driving. <p>this is a complaint</p>
R001225,interior,en,The driver seat heater stops working after 60 minutes of driving.
R001226,display_infotainment,da,"MBUX skaermen fryser under navigation, skal genstartes. Mercedes please help."
R001227,powertrain,de,Das 9G-Getriebe schaltet im kalten Zustand sehr hart. Contact me at john.doe@example.com or +49 30 1234567.
R001228,display_infotainment,en,Hey Mercedes voice assistant does not recognize commands. Plate: B-MW 1234
R001229,interior,en,"Ambient lighting flickers randomly at night, very distracting. !!!!!!"
R001230,display_infotainment,en,Hey Mercedes voice assistant does not recognize commands. Plate: B-MW 1234
R001231,interior,en,Steering wheel heater only warms the lower half of the rim. !!!!!!
R001232,display_infotainment,en,Software update OTA failed and bricked the head unit.
R001233,interior,en,Cup holder cracked after 53 months of normal use. Mercedes please help.
R001234,powertrain,de,Der Turbolader pfeift laut bei hoher Drehzahl. Please fix this asap.
R001235,interior,en,"Sunroof refuses to close in cold weather, error on dashboard."
R001236,display_infotainment,en,Burmester audio system has static noise on right rear speaker.  multiple   spaces   here  
R001237,powertrain,en,AdBlue warning appears constantly even after refilling.
R001238,interior,en,"Rear seat belt buckle is stuck, cannot release the belt. Contact me at john.doe@example.com or +49 30 1234567."
R001239,interior,en,Passenger seat ventilation makes a loud rattling noise on bumpy roads. VIN: WDB2030461A123456
R001240,interior,en,Cabin filter smells musty even after replacement.
R001241,interior,en,"Rear seat belt buckle is stuck, cannot release the belt."
R001242,display_infotainment,en,Hey Mercedes voice assistant does not recognize commands.
R001243,display_infotainment,en,GPS navigation routes through closed roads repeatedly. <p>this is a complaint</p>
R001244,interior,en,The driver seat heater stops working after 15 minutes of driving. Please fix this asap.
R001245,interior,en,Center console armrest is loose and wobbles when leaning on it.
R001246,display_infotainment,de,Hey Mercedes Sprachassistent versteht Befehle nicht. VIN: WDB2030461A123456
R001247,interior,en,Power window switch on driver door is unresponsive intermittently.
R001248,display_infotainment,en,Wireless charger overheats and stops charging the phone.
R001249,display_infotainment,it,Lo schermo MBUX si blocca durante la navigazione. Contact me at john.doe@example.com or +49 30 1234567.
R001250,interior,en,Climate control blows cold air on driver side and hot on passenger side.
R001251,interior,en,Passenger seat ventilation makes a loud rattling noise on bumpy roads.  multiple   spaces   here  
R001252,display_infotainment,en,Backup camera shows black screen when reverse is engaged.
R001253,interior,en,Cabin filter smells musty even after replacement.
R001254,interior,en,Driver seat cushion has worn through after 27 months. Please fix this asap.
R001255,interior,en,"Glove box latch broke, lid will not stay closed."
R001256,interior,en,Power window switch on driver door is unresponsive intermittently.
R001257,interior,en,Passenger seat ventilation makes a loud rattling noise on bumpy roads.
R001258,display_infotainment,de,Burmester Soundsystem hat statisches Rauschen am hinteren rechten Lautsprecher.  multiple   spaces   here  
R001259,interior,en,Mirror auto-dimming feature does not work at night.  multiple   spaces   here  
R001260,interior,en,The driver seat heater stops working after 31 minutes of driving.
R001261,interior,en,"Dome light stays on after locking the car, drains the 12v battery. Mercedes please help."
R001262,display_infotainment,de,Hey Mercedes Sprachassistent versteht Befehle nicht. Contact me at john.doe@example.com or +49 30 1234567.
R001263,interior,en,"Glove box latch broke, lid will not stay closed. Mercedes please help."
R001264,interior,en,"Sunroof refuses to close in cold weather, error on dashboard."
R001265,interior,en,"Rear seat belt buckle is stuck, cannot release the belt."
R001266,interior,en,"Dome light stays on after locking the car, drains the 12v battery. Plate: B-MW 1234"
R001267,interior,en,Power window switch on driver door is unresponsive intermittently. Contact me at john.doe@example.com or +49 30 1234567.
R001268,interior,en,Climate control blows cold air on driver side and hot on passenger side. Contact me at john.doe@example.com or +49 30 1234567.
R001269,interior,en,Power window switch on driver door is unresponsive intermittently. Mercedes please help.
R001270,interior,en,"Sunroof refuses to close in cold weather, error on dashboard. !!!!!!"
R001271,display_infotainment,da,"MBUX skaermen fryser under navigation, skal genstartes."
R001272,interior,en,Cabin filter smells musty even after replacement. VIN: WDB2030461A123456
R001273,display_infotainment,de,Hey Mercedes Sprachassistent versteht Befehle nicht.  multiple   spaces   here  
R001274,powertrain,de,Reichweite der Hochvoltbatterie ist nach einem Winter um 36 Prozent gesunken.  multiple   spaces   here  
R001275,interior,en,Mirror auto-dimming feature does not work at night. Plate: B-MW 1234
R001276,interior,en,Steering wheel heater only warms the lower half of the rim.
R001277,interior,en,Cup holder cracked after 40 months of normal use.
R001278,interior,en,Cabin filter smells musty even after replacement.  multiple   spaces   here  
R001279,interior,en,Cabin filter smells musty even after replacement. Contact me at john.doe@example.com or +49 30 1234567.
R001280,interior,en,Cabin filter smells musty even after replacement. Plate: B-MW 1234
R001281,display_infotainment,en,Wireless charger overheats and stops charging the phone.
R001282,interior,en,"Sunroof refuses to close in cold weather, error on dashboard."
R001283,interior,en,Cabin filter smells musty even after replacement. <p>this is a complaint</p>
R001284,interior,en,"Sunroof refuses to close in cold weather, error on dashboard. Plate: B-MW 1234"
R001285,display_infotainment,fr,"L ecran MBUX se fige pendant la navigation, redemarrage requis. Mercedes please help."
R001286,interior,en,Driver seat cushion has worn through after 56 months.
R001287,interior,en,"Dome light stays on after locking the car, drains the 12v battery. Please fix this asap."
R001288,display_infotainment,pl,"Ekran MBUX zawiesza sie podczas nawigacji, wymaga restartu. Please fix this asap."
R001289,display_infotainment,en,"MBUX touchscreen freezes during navigation, requires reboot. <p>this is a complaint</p>"
R001290,powertrain,en,"12v battery drains overnight, car will not start in the morning. Plate: B-MW 1234"
R001291,display_infotainment,fr,La camera de recul affiche un ecran noir.  multiple   spaces   here  
R001292,display_infotainment,de,Drahtloses Ladegeraet ueberhitzt und stoppt das Laden. VIN: WDB2030461A123456
R001293,interior,en,"Rear seat belt buckle is stuck, cannot release the belt."
R001294,interior,en,"Sunroof refuses to close in cold weather, error on dashboard. Plate: B-MW 1234"
R001295,interior,en,Climate control blows cold air on driver side and hot on passenger side. Contact me at john.doe@example.com or +49 30 1234567.
R001296,interior,en,Mirror auto-dimming feature does not work at night. Plate: B-MW 1234
R001297,interior,en,"Ambient lighting flickers randomly at night, very distracting. Please fix this asap."
R001298,powertrain,de,Der Turbolader pfeift laut bei hoher Drehzahl.
R001299,interior,en,"Dome light stays on after locking the car, drains the 12v battery. <p>this is a complaint</p>"
R001300,display_infotainment,pl,Asystent glosowy Hey Mercedes nie rozpoznaje polecen.
R001301,display_infotainment,it,Lo schermo MBUX si blocca durante la navigazione. Please fix this asap.
R001302,display_infotainment,de,Apple CarPlay trennt die Verbindung alle 47 Minuten. !!!!!!
R001303,interior,en,Passenger seat ventilation makes a loud rattling noise on bumpy roads. Please fix this asap.
R001304,interior,en,"Ambient lighting flickers randomly at night, very distracting."
R001305,powertrain,de,Die 12V-Batterie entlaedt sich ueber Nacht komplett.  multiple   spaces   here  
R001306,interior,en,"Rear seat belt buckle is stuck, cannot release the belt. !!!!!!"
R001307,interior,en,Center console armrest is loose and wobbles when leaning on it. VIN: WDB2030461A123456
R001308,interior,en,Mirror auto-dimming feature does not work at night. Plate: B-MW 1234
R001309,display_infotainment,en,Software update OTA failed and bricked the head unit. !!!!!!
R001310,interior,en,"Ambient lighting flickers randomly at night, very distracting. Mercedes please help."
R001311,interior,en,Center console armrest is loose and wobbles when leaning on it.
R001312,interior,en,Center console armrest is loose and wobbles when leaning on it.
R001313,display_infotainment,es,La camara de marcha atras muestra pantalla negra. Plate: B-MW 1234
R001314,interior,en,Cabin filter smells musty even after replacement. Plate: B-MW 1234
R001315,interior,en,"Dome light stays on after locking the car, drains the 12v battery. Please fix this asap."
R001316,display_infotainment,es,La camara de marcha atras muestra pantalla negra. Plate: B-MW 1234
R001317,interior,en,"Dome light stays on after locking the car, drains the 12v battery."
R001318,display_infotainment,en,Burmester audio system has static noise on right rear speaker. Please fix this asap.
R001319,powertrain,en,Electric motor produces a humming noise when accelerating from stop. Please fix this asap.
R001320,display_infotainment,en,Wireless charger overheats and stops charging the phone. !!!!!!
R001321,display_infotainment,en,Hey Mercedes voice assistant does not recognize commands. <p>this is a complaint</p>
R001322,interior,en,Center console armrest is loose and wobbles when leaning on it. Please fix this asap.
R001323,interior,en,Power window switch on driver door is unresponsive intermittently.
R001324,interior,en,Passenger seat ventilation makes a loud rattling noise on bumpy roads. Please fix this asap.
R001325,interior,en,Passenger seat ventilation makes a loud rattling noise on bumpy roads. <p>this is a complaint</p>
R001326,interior,en,Steering wheel heater only warms the lower half of the rim. Contact me at john.doe@example.com or +49 30 1234567.
R001327,powertrain,en,"Coolant leak under the engine bay, sweet smell after driving. Mercedes please help."
R001328,interior,en,Steering wheel heater only warms the lower half of the rim. Please fix this asap.
R001329,interior,en,Passenger seat ventilation makes a loud rattling noise on bumpy roads. Contact me at john.doe@example.com or +49 30 1234567.
R001330,display_infotainment,da,Bakkamera viser sort skaerm naar jeg saetter i bakgear. !!!!!!
R001331,powertrain,en,Electric motor produces a humming noise when accelerating from stop.
R001332,interior,en,Cabin filter smells musty even after replacement.
R001333,interior,en,Cup holder cracked after 18 months of normal use.
R001334,interior,en,"Ambient lighting flickers randomly at night, very distracting. Mercedes please help."
R001335,interior,en,Passenger seat ventilation makes a loud rattling noise on bumpy roads. VIN: WDB2030461A123456
R001336,display_infotainment,en,Hey Mercedes voice assistant does not recognize commands. Please fix this asap.
R001337,interior,en,"Dome light stays on after locking the car, drains the 12v battery. Contact me at john.doe@example.com or +49 30 1234567."
R001338,powertrain,de,Die 12V-Batterie entlaedt sich ueber Nacht komplett. !!!!!!
R001339,interior,en,Mirror auto-dimming feature does not work at night. Mercedes please help.
R001340,interior,en,Passenger seat ventilation makes a loud rattling noise on bumpy roads. Please fix this asap.
R001341,interior,en,"Sunroof refuses to close in cold weather, error on dashboard. Mercedes please help."
R001342,interior,en,Center console armrest is loose and wobbles when leaning on it. <p>this is a complaint</p>
R001343,interior,en,"Glove box latch broke, lid will not stay closed."
R001344,interior,en,Passenger seat ventilation makes a loud rattling noise on bumpy roads.
R001345,interior,en,Climate control blows cold air on driver side and hot on passenger side. Contact me at john.doe@example.com or +49 30 1234567.
R001346,interior,en,Cup holder cracked after 2 months of normal use. Mercedes please help.
R001347,interior,en,Driver seat cushion has worn through after 44 months. !!!!!!
R001348,interior,en,"Sunroof refuses to close in cold weather, error on dashboard."
R001349,interior,en,"Ambient lighting flickers randomly at night, very distracting. !!!!!!"
R001350,interior,en,Passenger seat ventilation makes a loud rattling noise on bumpy roads. Contact me at john.doe@example.com or +49 30 1234567.
R001351,display_infotainment,en,GPS navigation routes through closed roads repeatedly.  multiple   spaces   here  
R001352,interior,en,"Rear seat belt buckle is stuck, cannot release the belt. !!!!!!"
R001353,interior,en,"Glove box latch broke, lid will not stay closed. VIN: WDB2030461A123456"
R001354,interior,en,Cup holder cracked after 58 months of normal use. Mercedes please help.
R001355,interior,en,"Rear seat belt buckle is stuck, cannot release the belt."
R001356,interior,en,"Rear seat belt buckle is stuck, cannot release the belt."
R001357,interior,en,Power window switch on driver door is unresponsive intermittently. Plate: B-MW 1234
R001358,interior,en,Cabin filter smells musty even after replacement. <p>this is a complaint</p>
R001359,interior,en,Passenger seat ventilation makes a loud rattling noise on bumpy roads. !!!!!!
R001360,interior,en,Climate control blows cold air on driver side and hot on passenger side. Mercedes please help.
R001361,display_infotainment,da,Bakkamera viser sort skaerm naar jeg saetter i bakgear.
R001362,interior,en,Driver seat cushion has worn through after 26 months. VIN: WDB2030461A123456
R001363,interior,en,Climate control blows cold air on driver side and hot on passenger side. !!!!!!
R001364,display_infotainment,de,Drahtloses Ladegeraet ueberhitzt und stoppt das Laden. Plate: B-MW 1234
R001365,display_infotainment,de,Drahtloses Ladegeraet ueberhitzt und stoppt das Laden.
R001366,interior,en,Mirror auto-dimming feature does not work at night. <p>this is a complaint</p>
R001367,interior,en,"Dome light stays on after locking the car, drains the 12v battery. VIN: WDB2030461A123456"
R001368,display_infotainment,tr,Geri vites kamerasi siyah ekran gosteriyor. Plate: B-MW 1234
R001369,interior,en,Cabin filter smells musty even after replacement. Contact me at john.doe@example.com or +49 30 1234567.
R001370,interior,en,"Ambient lighting flickers randomly at night, very distracting."
R001371,display_infotainment,en,Burmester audio system has static noise on right rear speaker.
R001372,interior,en,"Glove box latch broke, lid will not stay closed. Mercedes please help."
R001373,interior,en,Driver seat cushion has worn through after 42 months.
R001374,display_infotainment,en,Bluetooth pairing drops every time the car is restarted. Please fix this asap.
R001375,display_infotainment,es,La pantalla MBUX se congela durante la navegacion.  multiple   spaces   here  
R001376,interior,en,Steering wheel heater only warms the lower half of the rim. VIN: WDB2030461A123456
R001377,interior,en,Cup holder cracked after 56 months of normal use.
R001378,interior,en,Mirror auto-dimming feature does not work at night.
R001379,display_infotainment,tr,MBUX dokunmatik ekran navigasyon sirasinda donuyor. Plate: B-MW 1234
R001380,interior,en,Steering wheel heater only warms the lower half of the rim.
R001381,interior,en,"Ambient lighting flickers randomly at night, very distracting. Plate: B-MW 1234"
R001382,interior,en,Cabin filter smells musty even after replacement.
R001383,display_infotainment,da,Bakkamera viser sort skaerm naar jeg saetter i bakgear.  multiple   spaces   here  
R001384,interior,en,Power window switch on driver door is unresponsive intermittently. VIN: WDB2030461A123456
R001385,display_infotainment,it,Apple CarPlay si disconnette ogni 28 minuti.
R001386,interior,en,"Rear seat belt buckle is stuck, cannot release the belt. Plate: B-MW 1234"
R001387,interior,en,The driver seat heater stops working after 13 minutes of driving.
R001388,interior,en,"Dome light stays on after locking the car, drains the 12v battery. Plate: B-MW 1234"
R001389,interior,en,Steering wheel heater only warms the lower half of the rim.
R001390,interior,en,Mirror auto-dimming feature does not work at night. Please fix this asap.
R001391,interior,en,The driver seat heater stops working after 49 minutes of driving. Contact me at john.doe@example.com or +49 30 1234567.
R001392,display_infotainment,it,Apple CarPlay si disconnette ogni 25 minuti.
R001393,interior,en,Cabin filter smells musty even after replacement.
R001394,interior,en,Driver seat cushion has worn through after 33 months. <p>this is a complaint</p>
R001395,interior,en,Driver seat cushion has worn through after 16 months.
R001396,interior,en,Center console armrest is loose and wobbles when leaning on it. Contact me at john.doe@example.com or +49 30 1234567.
R001397,powertrain,de,Der Turbolader pfeift laut bei hoher Drehzahl.
R001398,powertrain,en,9G transmission shifts hard between 2nd and 3rd gear when cold.
R001399,interior,en,Mirror auto-dimming feature does not work at night. Mercedes please help.
R001400,powertrain,de,Der Elektromotor brummt beim Anfahren aus dem Stand. Please fix this asap.
R001401,display_infotainment,da,"MBUX skaermen fryser under navigation, skal genstartes.  multiple   spaces   here  "
R001402,interior,en,Power window switch on driver door is unresponsive intermittently. <p>this is a complaint</p>
R001403,interior,en,"Ambient lighting flickers randomly at night, very distracting.  multiple   spaces   here  "
R001404,display_infotainment,it,Apple CarPlay si disconnette ogni 38 minuti.
R001405,interior,en,Mirror auto-dimming feature does not work at night.
R001406,display_infotainment,en,Software update OTA failed and bricked the head unit.
R001407,interior,en,Mirror auto-dimming feature does not work at night. Please fix this asap.
R001408,powertrain,en,On-board charger refuses to connect with public DC fast chargers. Please fix this asap.
R001409,display_infotainment,da,"MBUX skaermen fryser under navigation, skal genstartes. Mercedes please help."
R001410,interior,en,Passenger seat ventilation makes a loud rattling noise on bumpy roads. !!!!!!
R001411,interior,en,Cup holder cracked after 33 months of normal use. Plate: B-MW 1234
R001412,interior,en,Driver seat cushion has worn through after 32 months. Plate: B-MW 1234
R001413,interior,en,Cup holder cracked after 12 months of normal use.
R001414,powertrain,en,9G transmission shifts hard between 2nd and 3rd gear when cold.
R001415,interior,en,The driver seat heater stops working after 12 minutes of driving. Plate: B-MW 1234
R001416,powertrain,en,EV high voltage battery range dropped 56 percent after one winter.
R001417,interior,en,"Glove box latch broke, lid will not stay closed."
R001418,interior,en,Steering wheel heater only warms the lower half of the rim. VIN: WDB2030461A123456
R001419,interior,en,Cabin filter smells musty even after replacement.  multiple   spaces   here  
R001420,interior,en,"Rear seat belt buckle is stuck, cannot release the belt."
R001421,interior,en,"Dome light stays on after locking the car, drains the 12v battery.  multiple   spaces   here  "
R001422,interior,en,Power window switch on driver door is unresponsive intermittently. Plate: B-MW 1234
R001423,display_infotainment,en,GPS navigation routes through closed roads repeatedly. <p>this is a complaint</p>
R001424,display_infotainment,tr,Apple CarPlay her 19 dakikada bir baglantisi kesiliyor. Mercedes please help.
R001425,display_infotainment,it,Lo schermo MBUX si blocca durante la navigazione. Please fix this asap.
R001426,interior,en,"Sunroof refuses to close in cold weather, error on dashboard. Contact me at john.doe@example.com or +49 30 1234567."
R001427,interior,en,Climate control blows cold air on driver side and hot on passenger side. Plate: B-MW 1234
R001428,interior,en,Passenger seat ventilation makes a loud rattling noise on bumpy roads.
R001429,interior,en,"Glove box latch broke, lid will not stay closed. Please fix this asap."
R001430,interior,en,"Dome light stays on after locking the car, drains the 12v battery. Plate: B-MW 1234"
R001431,interior,en,"Glove box latch broke, lid will not stay closed."
R001432,interior,en,Cup holder cracked after 19 months of normal use. !!!!!!
R001433,interior,en,Power window switch on driver door is unresponsive intermittently.
R001434,interior,en,Mirror auto-dimming feature does not work at night. !!!!!!
R001435,interior,en,"Ambient lighting flickers randomly at night, very distracting. VIN: WDB2030461A123456"
R001436,powertrain,en,Turbocharger whines loudly above 53000 rpm.  multiple   spaces   here  
R001437,display_infotainment,de,Hey Mercedes Sprachassistent versteht Befehle nicht. !!!!!!
R001438,interior,en,"Ambient lighting flickers randomly at night, very distracting. <p>this is a complaint</p>"
R001439,interior,en,"Rear seat belt buckle is stuck, cannot release the belt."
R001440,interior,en,Steering wheel heater only warms the lower half of the rim. Mercedes please help.
R001441,interior,en,The driver seat heater stops working after 39 minutes of driving. <p>this is a complaint</p>
R001442,display_infotainment,fr,La camera de recul affiche un ecran noir.
R001443,interior,en,Center console armrest is loose and wobbles when leaning on it.
R001444,interior,en,"Glove box latch broke, lid will not stay closed.  multiple   spaces   here  "
R001445,interior,en,"Glove box latch broke, lid will not stay closed. Please fix this asap."
R001446,interior,en,Driver seat cushion has worn through after 12 months. !!!!!!
R001447,display_infotainment,en,Wireless charger overheats and stops charging the phone.
R001448,interior,en,"Ambient lighting flickers randomly at night, very distracting. <p>this is a complaint</p>"
R001449,interior,en,Cabin filter smells musty even after replacement. VIN: WDB2030461A123456
R001450,powertrain,en,"Coolant leak under the engine bay, sweet smell after driving. !!!!!!"
R001451,display_infotainment,tr,Apple CarPlay her 7 dakikada bir baglantisi kesiliyor.
R001452,interior,en,Center console armrest is loose and wobbles when leaning on it.
R001453,interior,en,Mirror auto-dimming feature does not work at night. Please fix this asap.
R001454,interior,en,"Dome light stays on after locking the car, drains the 12v battery."
R001455,interior,en,Passenger seat ventilation makes a loud rattling noise on bumpy roads. Contact me at john.doe@example.com or +49 30 1234567.
R001456,interior,en,"Glove box latch broke, lid will not stay closed. Plate: B-MW 1234"
R001457,interior,en,"Dome light stays on after locking the car, drains the 12v battery."
R001458,interior,en,"Sunroof refuses to close in cold weather, error on dashboard. VIN: WDB2030461A123456"
R001459,interior,en,"Glove box latch broke, lid will not stay closed. Mercedes please help."
R001460,interior,en,Steering wheel heater only warms the lower half of the rim.
R001461,display_infotainment,en,Burmester audio system has static noise on right rear speaker.
R001462,display_infotainment,de,MBUX-Bildschirm friert waehrend der Navigation ein. Mercedes please help.
R001463,display_infotainment,it,Apple CarPlay si disconnette ogni 60 minuti. Contact me at john.doe@example.com or +49 30 1234567.
R001464,interior,en,Driver seat cushion has worn through after 47 months.
R001465,powertrain,de,Reichweite der Hochvoltbatterie ist nach einem Winter um 23 Prozent gesunken. !!!!!!
R001466,display_infotainment,de,MBUX-Bildschirm friert waehrend der Navigation ein. !!!!!!
R001467,interior,en,"Rear seat belt buckle is stuck, cannot release the belt."
R001468,interior,en,Cabin filter smells musty even after replacement.
R001469,interior,en,"Ambient lighting flickers randomly at night, very distracting. Contact me at john.doe@example.com or +49 30 1234567."
R001470,display_infotainment,pl,Asystent glosowy Hey Mercedes nie rozpoznaje polecen.
R001471,interior,en,Steering wheel heater only warms the lower half of the rim. !!!!!!
R001472,interior,en,Steering wheel heater only warms the lower half of the rim. Contact me at john.doe@example.com or +49 30 1234567.
R001473,interior,en,The driver seat heater stops working after 36 minutes of driving.
R001474,powertrain,en,"Engine misfire under heavy acceleration, check engine light on. Please fix this asap."
R001475,powertrain,de,Der Elektromotor brummt beim Anfahren aus dem Stand.
R001476,interior,en,The driver seat heater stops working after 42 minutes of driving. <p>this is a complaint</p>
R001477,interior,en,Center console armrest is loose and wobbles when leaning on it. Please fix this asap.
R001478,interior,en,Passenger seat ventilation makes a loud rattling noise on bumpy roads. Mercedes please help.
R001479,interior,en,Power window switch on driver door is unresponsive intermittently.
R001480,interior,en,The driver seat heater stops working after 21 minutes of driving.
R001481,interior,en,Climate control blows cold air on driver side and hot on passenger side. Plate: B-MW 1234
R001482,interior,en,Steering wheel heater only warms the lower half of the rim. !!!!!!
R001483,display_infotainment,de,MBUX-Bildschirm friert waehrend der Navigation ein. Contact me at john.doe@example.com or +49 30 1234567.
R001484,interior,en,"Sunroof refuses to close in cold weather, error on dashboard."
R001485,display_infotainment,es,La pantalla MBUX se congela durante la navegacion.  multiple   spaces   here  
R001486,interior,en,"Sunroof refuses to close in cold weather, error on dashboard."
R001487,powertrain,en,"12v battery drains overnight, car will not start in the morning."
R001488,powertrain,de,Der Elektromotor brummt beim Anfahren aus dem Stand.
R001489,interior,en,Center console armrest is loose and wobbles when leaning on it. !!!!!!
R001490,display_infotainment,de,Hey Mercedes Sprachassistent versteht Befehle nicht. !!!!!!
R001491,interior,en,Climate control blows cold air on driver side and hot on passenger side. Plate: B-MW 1234
R001492,interior,en,The driver seat heater stops working after 44 minutes of driving.
R001493,interior,en,The driver seat heater stops working after 5 minutes of driving. <p>this is a complaint</p>
R001494,interior,en,"Rear seat belt buckle is stuck, cannot release the belt. Mercedes please help."
R001495,interior,en,Power window switch on driver door is unresponsive intermittently. Contact me at john.doe@example.com or +49 30 1234567.
R001496,powertrain,en,EV high voltage battery range dropped 46 percent after one winter. !!!!!!
R001497,interior,en,Power window switch on driver door is unresponsive intermittently. Mercedes please help.
R001498,interior,en,"Glove box latch broke, lid will not stay closed. VIN: WDB2030461A123456"
R001499,interior,en,"Dome light stays on after locking the car, drains the 12v battery. <p>this is a complaint</p>"
R001500,interior,en,Driver seat cushion has worn through after 59 months.
R001501,interior,en,"Dome light stays on after locking the car, drains the 12v battery."
R001502,interior,en,Cabin filter smells musty even after replacement.
R001503,interior,en,"Dome light stays on after locking the car, drains the 12v battery."
R001504,powertrain,de,Der Elektromotor brummt beim Anfahren aus dem Stand.
R001505,interior,en,Steering wheel heater only warms the lower half of the rim.
R001506,interior,en,Climate control blows cold air on driver side and hot on passenger side. Contact me at john.doe@example.com or +49 30 1234567.
R001507,display_infotainment,pl,"Ekran MBUX zawiesza sie podczas nawigacji, wymaga restartu. Contact me at john.doe@example.com or +49 30 1234567."
R001508,interior,en,The driver seat heater stops working after 2 minutes of driving. !!!!!!
R001509,interior,en,Passenger seat ventilation makes a loud rattling noise on bumpy roads. Plate: B-MW 1234
R001510,interior,en,"Ambient lighting flickers randomly at night, very distracting."
R001511,powertrain,en,9G transmission shifts hard between 2nd and 3rd gear when cold. <p>this is a complaint</p>
R001512,powertrain,en,On-board charger refuses to connect with public DC fast chargers. !!!!!!
R001513,interior,en,Power window switch on driver door is unresponsive intermittently.
R001514,interior,en,Passenger seat ventilation makes a loud rattling noise on bumpy roads.
R001515,display_infotainment,it,Lo schermo MBUX si blocca durante la navigazione.
R001516,interior,en,"Glove box latch broke, lid will not stay closed. Please fix this asap."
R001517,interior,en,Passenger seat ventilation makes a loud rattling noise on bumpy roads.
R001518,display_infotainment,it,Apple CarPlay si disconnette ogni 4 minuti.
R001519,display_infotainment,tr,Geri vites kamerasi siyah ekran gosteriyor. !!!!!!
R001520,interior,en,Cup holder cracked after 59 months of normal use. Contact me at john.doe@example.com or +49 30 1234567.
R001521,display_infotainment,en,Bluetooth pairing drops every time the car is restarted. <p>this is a complaint</p>
R001522,interior,en,Driver seat cushion has worn through after 23 months.
R001523,interior,en,Steering wheel heater only warms the lower half of the rim. Contact me at john.doe@example.com or +49 30 1234567.
R001524,interior,en,Steering wheel heater only warms the lower half of the rim. <p>this is a complaint</p>
R001525,display_infotainment,fr,"L ecran MBUX se fige pendant la navigation, redemarrage requis. Mercedes please help."
R001526,interior,en,Cabin filter smells musty even after replacement.
R001527,interior,en,Center console armrest is loose and wobbles when leaning on it. <p>this is a complaint</p>
R001528,interior,en,Driver seat cushion has worn through after 12 months.
R001529,interior,en,"Dome light stays on after locking the car, drains the 12v battery. Contact me at john.doe@example.com or +49 30 1234567."
R001530,display_infotainment,tr,Geri vites kamerasi siyah ekran gosteriyor. Contact me at john.doe@example.com or +49 30 1234567.
R001531,interior,en,Steering wheel heater only warms the lower half of the rim.  multiple   spaces   here  
R001532,interior,en,The driver seat heater stops working after 57 minutes of driving. !!!!!!
R001533,display_infotainment,pl,Apple CarPlay rozlacza sie co 59 minut.
R001534,interior,en,"Rear seat belt buckle is stuck, cannot release the belt."
R001535,display_infotainment,de,Burmester Soundsystem hat statisches Rauschen am hinteren rechten Lautsprecher.
R001536,interior,en,"Glove box latch broke, lid will not stay closed. Please fix this asap."
R001537,interior,en,Driver seat cushion has worn through after 45 months. VIN: WDB2030461A123456
R001538,powertrain,en,Electric motor produces a humming noise when accelerating from stop. !!!!!!
R001539,display_infotainment,da,"MBUX skaermen fryser under navigation, skal genstartes. VIN: WDB2030461A123456"
R001540,interior,en,"Dome light stays on after locking the car, drains the 12v battery."
R001541,interior,en,Center console armrest is loose and wobbles when leaning on it.
R001542,interior,en,"Glove box latch broke, lid will not stay closed. !!!!!!"
R001543,interior,en,"Ambient lighting flickers randomly at night, very distracting. VIN: WDB2030461A123456"
R001544,display_infotainment,tr,MBUX dokunmatik ekran navigasyon sirasinda donuyor.
R001545,interior,en,Mirror auto-dimming feature does not work at night.
R001546,interior,en,"Rear seat belt buckle is stuck, cannot release the belt. Contact me at john.doe@example.com or +49 30 1234567."
R001547,display_infotainment,en,Hey Mercedes voice assistant does not recognize commands.  multiple   spaces   here  
R001548,interior,en,"Sunroof refuses to close in cold weather, error on dashboard. Please fix this asap."
R001549,display_infotainment,en,Apple CarPlay disconnects every 34 minutes when using maps.
R001550,interior,en,Steering wheel heater only warms the lower half of the rim. Mercedes please help.
R001551,display_infotainment,en,Hey Mercedes voice assistant does not recognize commands. Contact me at john.doe@example.com or +49 30 1234567.
R001552,interior,en,"Dome light stays on after locking the car, drains the 12v battery. Contact me at john.doe@example.com or +49 30 1234567."
R001553,interior,en,"Rear seat belt buckle is stuck, cannot release the belt. Contact me at john.doe@example.com or +49 30 1234567."
R001554,interior,en,"Rear seat belt buckle is stuck, cannot release the belt. <p>this is a complaint</p>"
R001555,interior,en,Passenger seat ventilation makes a loud rattling noise on bumpy roads. Mercedes please help.
R001556,interior,en,Climate control blows cold air on driver side and hot on passenger side. VIN: WDB2030461A123456
R001557,interior,en,Passenger seat ventilation makes a loud rattling noise on bumpy roads.  multiple   spaces   here  
R001558,interior,en,"Dome light stays on after locking the car, drains the 12v battery. !!!!!!"
R001559,interior,en,Climate control blows cold air on driver side and hot on passenger side. VIN: WDB2030461A123456
R001560,interior,en,"Glove box latch broke, lid will not stay closed. Contact me at john.doe@example.com or +49 30 1234567."
R001561,display_infotainment,de,Apple CarPlay trennt die Verbindung alle 54 Minuten.
R001562,display_infotainment,it,Lo schermo MBUX si blocca durante la navigazione. Contact me at john.doe@example.com or +49 30 1234567.
R001563,interior,en,Cabin filter smells musty even after replacement. Plate: B-MW 1234
R001564,interior,en,Center console armrest is loose and wobbles when leaning on it. !!!!!!
R001565,interior,en,"Rear seat belt buckle is stuck, cannot release the belt."
R001566,interior,en,"Glove box latch broke, lid will not stay closed."
R001567,interior,en,Cup holder cracked after 55 months of normal use. !!!!!!
R001568,display_infotainment,en,GPS navigation routes through closed roads repeatedly. VIN: WDB2030461A123456
R001569,interior,en,Center console armrest is loose and wobbles when leaning on it.
R001570,interior,en,"Ambient lighting flickers randomly at night, very distracting. Contact me at john.doe@example.com or +49 30 1234567."
R001571,interior,en,Center console armrest is loose and wobbles when leaning on it. <p>this is a complaint</p>
R001572,powertrain,en,AdBlue warning appears constantly even after refilling.
R001573,interior,en,"Sunroof refuses to close in cold weather, error on dashboard."
R001574,display_infotainment,de,Hey Mercedes Sprachassistent versteht Befehle nicht.
R001575,interior,en,Cabin filter smells musty even after replacement.
R001576,powertrain,en,AdBlue warning appears constantly even after refilling.  multiple   spaces   here  
R001577,interior,en,Mirror auto-dimming feature does not work at night. !!!!!!
R001578,display_infotainment,da,Bakkamera viser sort skaerm naar jeg saetter i bakgear.
R001579,powertrain,de,"Kuehlmittelverlust unter dem Motor, suesslicher Geruch. Contact me at john.doe@example.com or +49 30 1234567."
R001580,interior,en,Climate control blows cold air on driver side and hot on passenger side.
R001581,display_infotainment,en,"MBUX touchscreen freezes during navigation, requires reboot. VIN: WDB2030461A123456"
R001582,powertrain,de,Dieselpartikelfilter-Regeneration schlaegt wiederholt fehl. Mercedes please help.
R001583,display_infotainment,de,Drahtloses Ladegeraet ueberhitzt und stoppt das Laden. VIN: WDB2030461A123456
R001584,display_infotainment,es,La pantalla MBUX se congela durante la navegacion.
R001585,interior,en,"Ambient lighting flickers randomly at night, very distracting. <p>this is a complaint</p>"
R001586,display_infotainment,en,Backup camera shows black screen when reverse is engaged. Mercedes please help.
R001587,interior,en,"Dome light stays on after locking the car, drains the 12v battery. Please fix this asap."
R001588,interior,en,Steering wheel heater only warms the lower half of the rim. Mercedes please help.
R001589,display_infotainment,es,La pantalla MBUX se congela durante la navegacion. <p>this is a complaint</p>
R001590,powertrain,en,On-board charger refuses to connect with public DC fast chargers. Mercedes please help.
R001591,display_infotainment,en,GPS navigation routes through closed roads repeatedly. Contact me at john.doe@example.com or +49 30 1234567.
R001592,display_infotainment,en,Burmester audio system has static noise on right rear speaker. Mercedes please help.
R001593,interior,en,Mirror auto-dimming feature does not work at night. <p>this is a complaint</p>
R001594,interior,en,Driver seat cushion has worn through after 46 months. VIN: WDB2030461A123456
R001595,display_infotainment,pl,"Ekran MBUX zawiesza sie podczas nawigacji, wymaga restartu. <p>this is a complaint</p>"
R001596,display_infotainment,tr,Apple CarPlay her 15 dakikada bir baglantisi kesiliyor.
R001597,interior,en,Center console armrest is loose and wobbles when leaning on it.
R001598,interior,en,Mirror auto-dimming feature does not work at night. !!!!!!
R001599,interior,en,Center console armrest is loose and wobbles when leaning on it. !!!!!!
R001600,display_infotainment,en,Wireless charger overheats and stops charging the phone. VIN: WDB2030461A123456
R001601,interior,en,"Glove box latch broke, lid will not stay closed. Please fix this asap."
R001602,powertrain,de,Das 9G-Getriebe schaltet im kalten Zustand sehr hart. VIN: WDB2030461A123456
R001603,interior,en,"Dome light stays on after locking the car, drains the 12v battery. !!!!!!"
R001604,powertrain,de,Dieselpartikelfilter-Regeneration schlaegt wiederholt fehl.
R001605,display_infotainment,de,Rueckfahrkamera zeigt schwarzen Bildschirm beim Einlegen des Rueckwaertsgangs.  multiple   spaces   here  
R001606,interior,en,Passenger seat ventilation makes a loud rattling noise on bumpy roads.
R001607,interior,en,The driver seat heater stops working after 44 minutes of driving.
R001608,interior,en,Cabin filter smells musty even after replacement.  multiple   spaces   here  
R001609,interior,en,Power window switch on driver door is unresponsive intermittently. !!!!!!
R001610,interior,en,Driver seat cushion has worn through after 5 months. <p>this is a complaint</p>
R001611,display_infotainment,en,Head-up display flickers in direct sunlight.  multiple   spaces   here  
R001612,interior,en,Cup holder cracked after 54 months of normal use. Contact me at john.doe@example.com or +49 30 1234567.
R001613,interior,en,Driver seat cushion has worn through after 45 months. <p>this is a complaint</p>
R001614,interior,en,"Sunroof refuses to close in cold weather, error on dashboard. <p>this is a complaint</p>"
R001615,interior,en,Steering wheel heater only warms the lower half of the rim.
R001616,interior,en,Cabin filter smells musty even after replacement.  multiple   spaces   here  
R001617,interior,en,Center console armrest is loose and wobbles when leaning on it. !!!!!!
R001618,interior,en,Steering wheel heater only warms the lower half of the rim. Mercedes please help.
R001619,interior,en,Cabin filter smells musty even after replacement. !!!!!!
R001620,interior,en,Climate control blows cold air on driver side and hot on passenger side.
R001621,interior,en,Power window switch on driver door is unresponsive intermittently.
R001622,interior,en,Cabin filter smells musty even after replacement. Contact me at john.doe@example.com or +49 30 1234567.
R001623,display_infotainment,es,La pantalla MBUX se congela durante la navegacion. !!!!!!
R001624,powertrain,de,Das 9G-Getriebe schaltet im kalten Zustand sehr hart.  multiple   spaces   here  
R001625,interior,en,Center console armrest is loose and wobbles when leaning on it. Plate: B-MW 1234
R001626,interior,en,Center console armrest is loose and wobbles when leaning on it.
R001627,interior,en,"Ambient lighting flickers randomly at night, very distracting. !!!!!!"
R001628,interior,en,"Ambient lighting flickers randomly at night, very distracting. <p>this is a complaint</p>"
R001629,interior,en,Steering wheel heater only warms the lower half of the rim.
R001630,interior,en,Climate control blows cold air on driver side and hot on passenger side.
R001631,interior,en,"Dome light stays on after locking the car, drains the 12v battery."
R001632,interior,en,"Rear seat belt buckle is stuck, cannot release the belt. <p>this is a complaint</p>"
R001633,display_infotainment,en,Apple CarPlay disconnects every 11 minutes when using maps. Please fix this asap.
R001634,interior,en,Cabin filter smells musty even after replacement. !!!!!!
R001635,interior,en,"Glove box latch broke, lid will not stay closed."
R001636,interior,en,"Dome light stays on after locking the car, drains the 12v battery. VIN: WDB2030461A123456"
R001637,interior,en,Cabin filter smells musty even after replacement. <p>this is a complaint</p>
R001638,interior,en,"Sunroof refuses to close in cold weather, error on dashboard."
R001639,interior,en,Cabin filter smells musty even after replacement. VIN: WDB2030461A123456
R001640,interior,en,Climate control blows cold air on driver side and hot on passenger side. VIN: WDB2030461A123456
R001641,interior,en,Cup holder cracked after 16 months of normal use.
R001642,interior,en,Cup holder cracked after 25 months of normal use.
R001643,interior,en,Cabin filter smells musty even after replacement. Plate: B-MW 1234
R001644,interior,en,Climate control blows cold air on driver side and hot on passenger side.  multiple   spaces   here  
R001645,display_infotainment,en,"MBUX touchscreen freezes during navigation, requires reboot."
R001646,interior,en,"Rear seat belt buckle is stuck, cannot release the belt."
R001647,display_infotainment,tr,MBUX dokunmatik ekran navigasyon sirasinda donuyor. Plate: B-MW 1234
R001648,interior,en,The driver seat heater stops working after 45 minutes of driving. Please fix this asap.
R001649,interior,en,Cabin filter smells musty even after replacement.
R001650,interior,en,Climate control blows cold air on driver side and hot on passenger side. <p>this is a complaint</p>
R001651,interior,en,Mirror auto-dimming feature does not work at night. VIN: WDB2030461A123456
R001652,display_infotainment,de,Apple CarPlay trennt die Verbindung alle 34 Minuten.  multiple   spaces   here  
R001653,interior,en,"Rear seat belt buckle is stuck, cannot release the belt."
R001654,interior,en,"Glove box latch broke, lid will not stay closed."
R001655,interior,en,Passenger seat ventilation makes a loud rattling noise on bumpy roads.
R001656,interior,en,Cabin filter smells musty even after replacement. VIN: WDB2030461A123456
R001657,interior,en,"Glove box latch broke, lid will not stay closed."
R001658,interior,en,"Glove box latch broke, lid will not stay closed.  multiple   spaces   here  "
R001659,interior,en,"Glove box latch broke, lid will not stay closed. Mercedes please help."
R001660,display_infotainment,en,Head-up display flickers in direct sunlight. VIN: WDB2030461A123456
R001661,display_infotainment,it,Apple CarPlay si disconnette ogni 49 minuti.  multiple   spaces   here  
R001662,interior,en,Driver seat cushion has worn through after 6 months. <p>this is a complaint</p>
R001663,interior,en,The driver seat heater stops working after 31 minutes of driving. <p>this is a complaint</p>
R001664,interior,en,Passenger seat ventilation makes a loud rattling noise on bumpy roads.
R001665,interior,en,Cabin filter smells musty even after replacement.
R001666,interior,en,"Dome light stays on after locking the car, drains the 12v battery."
R001667,display_infotainment,de,Rueckfahrkamera zeigt schwarzen Bildschirm beim Einlegen des Rueckwaertsgangs. Mercedes please help.
R001668,interior,en,Steering wheel heater only warms the lower half of the rim. Mercedes please help.
R001669,interior,en,Steering wheel heater only warms the lower half of the rim. !!!!!!
R001670,interior,en,The driver seat heater stops working after 43 minutes of driving. <p>this is a complaint</p>
R001671,interior,en,Cabin filter smells musty even after replacement. <p>this is a complaint</p>
R001672,interior,en,Center console armrest is loose and wobbles when leaning on it.
R001673,interior,en,Climate control blows cold air on driver side and hot on passenger side.
R001674,interior,en,"Glove box latch broke, lid will not stay closed."
R001675,interior,en,Power window switch on driver door is unresponsive intermittently.  multiple   spaces   here  
R001676,display_infotainment,de,Hey Mercedes Sprachassistent versteht Befehle nicht. Mercedes please help.
R001677,display_infotainment,en,"MBUX touchscreen freezes during navigation, requires reboot. Contact me at john.doe@example.com or +49 30 1234567."
R001678,interior,en,"Sunroof refuses to close in cold weather, error on dashboard."
R001679,powertrain,de,Dieselpartikelfilter-Regeneration schlaegt wiederholt fehl.
R001680,display_infotainment,en,Burmester audio system has static noise on right rear speaker.
R001681,interior,en,Mirror auto-dimming feature does not work at night.  multiple   spaces   here  
R001682,display_infotainment,tr,Apple CarPlay her 25 dakikada bir baglantisi kesiliyor.
R001683,interior,en,Climate control blows cold air on driver side and hot on passenger side.
R001684,interior,en,The driver seat heater stops working after 38 minutes of driving. Plate: B-MW 1234
R001685,interior,en,Climate control blows cold air on driver side and hot on passenger side.
R001686,interior,en,Center console armrest is loose and wobbles when leaning on it. <p>this is a complaint</p>
R001687,display_infotainment,de,Apple CarPlay trennt die Verbindung alle 15 Minuten. Mercedes please help.
R001688,display_infotainment,it,Lo schermo MBUX si blocca durante la navigazione. VIN: WDB2030461A123456
R001689,interior,en,"Ambient lighting flickers randomly at night, very distracting."
R001690,interior,en,Power window switch on driver door is unresponsive intermittently.
R001691,interior,en,"Glove box latch broke, lid will not stay closed.  multiple   spaces   here  "
R001692,interior,en,The driver seat heater stops working after 56 minutes of driving.  multiple   spaces   here  
R001693,display_infotainment,da,Bluetooth-forbindelsen afbrydes hver gang bilen genstartes. Contact me at john.doe@example.com or +49 30 1234567.
R001694,interior,en,Passenger seat ventilation makes a loud rattling noise on bumpy roads.
R001695,interior,en,Power window switch on driver door is unresponsive intermittently.
R001696,interior,en,"Dome light stays on after locking the car, drains the 12v battery. Contact me at john.doe@example.com or +49 30 1234567."
R001697,display_infotainment,de,Apple CarPlay trennt die Verbindung alle 10 Minuten. !!!!!!
R001698,interior,en,Passenger seat ventilation makes a loud rattling noise on bumpy roads.
R001699,interior,en,Mirror auto-dimming feature does not work at night.
R001700,interior,en,"Rear seat belt buckle is stuck, cannot release the belt. Please fix this asap."
R001701,interior,en,Power window switch on driver door is unresponsive intermittently. <p>this is a complaint</p>
R001702,interior,en,"Dome light stays on after locking the car, drains the 12v battery. Plate: B-MW 1234"
R001703,interior,en,Cup holder cracked after 29 months of normal use.
R001704,interior,en,"Sunroof refuses to close in cold weather, error on dashboard.  multiple   spaces   here  "
R001705,interior,en,Center console armrest is loose and wobbles when leaning on it. !!!!!!
R001706,interior,en,Driver seat cushion has worn through after 25 months.
R001707,interior,en,Cup holder cracked after 58 months of normal use. Contact me at john.doe@example.com or +49 30 1234567.
R001708,interior,en,Cup holder cracked after 51 months of normal use.
R001709,interior,en,Passenger seat ventilation makes a loud rattling noise on bumpy roads.
R001710,interior,en,Passenger seat ventilation makes a loud rattling noise on bumpy roads.
R001711,display_infotainment,en,Burmester audio system has static noise on right rear speaker. VIN: WDB2030461A123456
R001712,interior,en,Center console armrest is loose and wobbles when leaning on it. !!!!!!
R001713,interior,en,Passenger seat ventilation makes a loud rattling noise on bumpy roads.
R001714,display_infotainment,tr,Apple CarPlay her 3 dakikada bir baglantisi kesiliyor. Plate: B-MW 1234
R001715,interior,en,Cabin filter smells musty even after replacement. Plate: B-MW 1234
R001716,interior,en,The driver seat heater stops working after 37 minutes of driving.
R001717,interior,en,Climate control blows cold air on driver side and hot on passenger side. Contact me at john.doe@example.com or +49 30 1234567.
R001718,interior,en,"Ambient lighting flickers randomly at night, very distracting. Please fix this asap."
R001719,interior,en,Mirror auto-dimming feature does not work at night.  multiple   spaces   here  
R001720,interior,en,Driver seat cushion has worn through after 20 months.
R001721,interior,en,Climate control blows cold air on driver side and hot on passenger side.
R001722,interior,en,Climate control blows cold air on driver side and hot on passenger side.
R001723,interior,en,Driver seat cushion has worn through after 53 months. Plate: B-MW 1234
R001724,interior,en,Cabin filter smells musty even after replacement. VIN: WDB2030461A123456
R001725,interior,en,"Ambient lighting flickers randomly at night, very distracting."
R001726,interior,en,"Dome light stays on after locking the car, drains the 12v battery. !!!!!!"
R001727,display_infotainment,en,Burmester audio system has static noise on right rear speaker. <p>this is a complaint</p>
R001728,powertrain,de,Das 9G-Getriebe schaltet im kalten Zustand sehr hart.
R001729,interior,en,"Rear seat belt buckle is stuck, cannot release the belt."
R001730,interior,en,Cup holder cracked after 16 months of normal use.
R001731,interior,en,Climate control blows cold air on driver side and hot on passenger side.  multiple   spaces   here  
R001732,interior,en,"Rear seat belt buckle is stuck, cannot release the belt. Contact me at john.doe@example.com or +49 30 1234567."
R001733,display_infotainment,en,Apple CarPlay disconnects every 43 minutes when using maps. Please fix this asap.
R001734,interior,en,Climate control blows cold air on driver side and hot on passenger side. !!!!!!
R001735,display_infotainment,fr,La camera de recul affiche un ecran noir. <p>this is a complaint</p>
R001736,interior,en,Climate control blows cold air on driver side and hot on passenger side. Plate: B-MW 1234
R001737,interior,en,"Glove box latch broke, lid will not stay closed. Mercedes please help."
R001738,interior,en,"Glove box latch broke, lid will not stay closed."
R001739,interior,en,Steering wheel heater only warms the lower half of the rim.
R001740,interior,en,Cup holder cracked after 54 months of normal use. Please fix this asap.
R001741,interior,en,"Rear seat belt buckle is stuck, cannot release the belt. Plate: B-MW 1234"
R001742,interior,en,Mirror auto-dimming feature does not work at night.
R001743,interior,en,"Sunroof refuses to close in cold weather, error on dashboard."
R001744,interior,en,Power window switch on driver door is unresponsive intermittently.
R001745,interior,en,"Ambient lighting flickers randomly at night, very distracting. Please fix this asap."
R001746,interior,en,Driver seat cushion has worn through after 9 months. !!!!!!
R001747,interior,en,Cabin filter smells musty even after replacement. Please fix this asap.
R001748,powertrain,de,Reichweite der Hochvoltbatterie ist nach einem Winter um 45 Prozent gesunken. Contact me at john.doe@example.com or +49 30 1234567.
R001749,interior,en,"Dome light stays on after locking the car, drains the 12v battery."
R001750,interior,en,Steering wheel heater only warms the lower half of the rim.
R001751,interior,en,"Ambient lighting flickers randomly at night, very distracting. Plate: B-MW 1234"
R001752,interior,en,"Ambient lighting flickers randomly at night, very distracting. !!!!!!"
R001753,interior,en,Mirror auto-dimming feature does not work at night. Plate: B-MW 1234
R001754,interior,en,"Ambient lighting flickers randomly at night, very distracting."
R001755,display_infotainment,da,"MBUX skaermen fryser under navigation, skal genstartes. Mercedes please help."
R001756,interior,en,"Dome light stays on after locking the car, drains the 12v battery. !!!!!!"
R001757,interior,en,Center console armrest is loose and wobbles when leaning on it. <p>this is a complaint</p>
R001758,interior,en,Power window switch on driver door is unresponsive intermittently.
R001759,interior,en,"Dome light stays on after locking the car, drains the 12v battery. Contact me at john.doe@example.com or +49 30 1234567."
R001760,display_infotainment,en,Wireless charger overheats and stops charging the phone.
R001761,display_infotainment,tr,MBUX dokunmatik ekran navigasyon sirasinda donuyor.
R001762,display_infotainment,fr,La camera de recul affiche un ecran noir.  multiple   spaces   here  
R001763,interior,en,"Glove box latch broke, lid will not stay closed. VIN: WDB2030461A123456"
R001764,interior,en,Center console armrest is loose and wobbles when leaning on it. !!!!!!
R001765,interior,en,"Rear seat belt buckle is stuck, cannot release the belt. Plate: B-MW 1234"
R001766,interior,en,"Sunroof refuses to close in cold weather, error on dashboard. Mercedes please help."
R001767,interior,en,Passenger seat ventilation makes a loud rattling noise on bumpy roads.
R001768,interior,en,Driver seat cushion has worn through after 60 months. VIN: WDB2030461A123456
R001769,interior,en,Driver seat cushion has worn through after 11 months. Plate: B-MW 1234
R001770,interior,en,"Rear seat belt buckle is stuck, cannot release the belt. Plate: B-MW 1234"
R001771,interior,en,Mirror auto-dimming feature does not work at night.  multiple   spaces   here  
R001772,interior,en,Cabin filter smells musty even after replacement.
R001773,interior,en,"Glove box latch broke, lid will not stay closed."
R001774,display_infotainment,da,Bluetooth-forbindelsen afbrydes hver gang bilen genstartes.
R001775,display_infotainment,pl,Asystent glosowy Hey Mercedes nie rozpoznaje polecen. !!!!!!
R001776,interior,en,Climate control blows cold air on driver side and hot on passenger side. Mercedes please help.
R001777,interior,en,The driver seat heater stops working after 46 minutes of driving. VIN: WDB2030461A123456
R001778,interior,en,Cabin filter smells musty even after replacement. Contact me at john.doe@example.com or +49 30 1234567.
R001779,display_infotainment,de,Hey Mercedes Sprachassistent versteht Befehle nicht. Please fix this asap.
R001780,interior,en,Center console armrest is loose and wobbles when leaning on it.  multiple   spaces   here  
R001781,display_infotainment,da,Bakkamera viser sort skaerm naar jeg saetter i bakgear.
R001782,interior,en,Power window switch on driver door is unresponsive intermittently. Contact me at john.doe@example.com or +49 30 1234567.
R001783,powertrain,en,9G transmission shifts hard between 2nd and 3rd gear when cold.
R001784,interior,en,Climate control blows cold air on driver side and hot on passenger side. Mercedes please help.
R001785,interior,en,The driver seat heater stops working after 47 minutes of driving. <p>this is a complaint</p>
R001786,display_infotainment,da,Bakkamera viser sort skaerm naar jeg saetter i bakgear. VIN: WDB2030461A123456
R001787,interior,en,The driver seat heater stops working after 26 minutes of driving. !!!!!!
R001788,interior,en,Cabin filter smells musty even after replacement. Please fix this asap.
R001789,interior,en,Passenger seat ventilation makes a loud rattling noise on bumpy roads.
R001790,interior,en,"Dome light stays on after locking the car, drains the 12v battery."
R001791,interior,en,Climate control blows cold air on driver side and hot on passenger side. Mercedes please help.
R001792,interior,en,"Dome light stays on after locking the car, drains the 12v battery."
R001793,display_infotainment,de,Hey Mercedes Sprachassistent versteht Befehle nicht.  multiple   spaces   here  
R001794,interior,en,Climate control blows cold air on driver side and hot on passenger side.  multiple   spaces   here  
R001795,interior,en,"Ambient lighting flickers randomly at night, very distracting. Please fix this asap."
R001796,interior,en,"Rear seat belt buckle is stuck, cannot release the belt."
R001797,display_infotainment,da,Bakkamera viser sort skaerm naar jeg saetter i bakgear. Please fix this asap.
R001798,powertrain,de,AdBlue-Warnung bleibt trotz Nachfuellen bestehen. <p>this is a complaint</p>
R001799,interior,en,Driver seat cushion has worn through after 44 months.
R001800,powertrain,de,"Kuehlmittelverlust unter dem Motor, suesslicher Geruch.  multiple   spaces   here  "
R001801,interior,en,"Ambient lighting flickers randomly at night, very distracting."
R001802,interior,en,Steering wheel heater only warms the lower half of the rim.  multiple   spaces   here  
R001803,interior,en,Climate control blows cold air on driver side and hot on passenger side. Plate: B-MW 1234
R001804,interior,en,Center console armrest is loose and wobbles when leaning on it.
R001805,interior,en,"Glove box latch broke, lid will not stay closed."
R001806,display_infotainment,fr,La camera de recul affiche un ecran noir.
R001807,interior,en,"Dome light stays on after locking the car, drains the 12v battery. Mercedes please help."
R001808,interior,en,Power window switch on driver door is unresponsive intermittently.
R001809,interior,en,"Dome light stays on after locking the car, drains the 12v battery."
R001810,powertrain,de,AdBlue-Warnung bleibt trotz Nachfuellen bestehen. Plate: B-MW 1234
R001811,interior,en,Power window switch on driver door is unresponsive intermittently. <p>this is a complaint</p>
R001812,display_infotainment,en,Apple CarPlay disconnects every 51 minutes when using maps.
R001813,interior,en,"Rear seat belt buckle is stuck, cannot release the belt."
R001814,interior,en,"Glove box latch broke, lid will not stay closed.  multiple   spaces   here  "
R001815,interior,en,"Sunroof refuses to close in cold weather, error on dashboard."
R001816,display_infotainment,da,"MBUX skaermen fryser under navigation, skal genstartes. VIN: WDB2030461A123456"
R001817,interior,en,"Dome light stays on after locking the car, drains the 12v battery."
R001818,interior,en,Cup holder cracked after 17 months of normal use. !!!!!!
R001819,interior,en,"Ambient lighting flickers randomly at night, very distracting."
R001820,display_infotainment,pl,Asystent glosowy Hey Mercedes nie rozpoznaje polecen. Mercedes please help.
R001821,interior,en,Steering wheel heater only warms the lower half of the rim. Mercedes please help.
R001822,interior,en,Climate control blows cold air on driver side and hot on passenger side.
R001823,powertrain,en,9G transmission shifts hard between 2nd and 3rd gear when cold.
R001824,interior,en,Center console armrest is loose and wobbles when leaning on it. VIN: WDB2030461A123456
R001825,display_infotainment,de,Apple CarPlay trennt die Verbindung alle 24 Minuten.
R001826,interior,en,"Sunroof refuses to close in cold weather, error on dashboard. Contact me at john.doe@example.com or +49 30 1234567."
R001827,display_infotainment,da,Bakkamera viser sort skaerm naar jeg saetter i bakgear.
R001828,interior,en,Steering wheel heater only warms the lower half of the rim. VIN: WDB2030461A123456
R001829,interior,en,Passenger seat ventilation makes a loud rattling noise on bumpy roads. VIN: WDB2030461A123456
R001830,interior,en,Passenger seat ventilation makes a loud rattling noise on bumpy roads.  multiple   spaces   here  
R001831,interior,en,Power window switch on driver door is unresponsive intermittently. VIN: WDB2030461A123456
R001832,display_infotainment,da,Bakkamera viser sort skaerm naar jeg saetter i bakgear.
R001833,interior,en,Steering wheel heater only warms the lower half of the rim. Plate: B-MW 1234
R001834,interior,en,"Sunroof refuses to close in cold weather, error on dashboard.  multiple   spaces   here  "
R001835,interior,en,Cabin filter smells musty even after replacement. Contact me at john.doe@example.com or +49 30 1234567.
R001836,interior,en,Mirror auto-dimming feature does not work at night. Plate: B-MW 1234
R001837,display_infotainment,de,Drahtloses Ladegeraet ueberhitzt und stoppt das Laden.
R001838,interior,en,Steering wheel heater only warms the lower half of the rim. !!!!!!
R001839,display_infotainment,en,Software update OTA failed and bricked the head unit. !!!!!!
R001840,powertrain,de,Der Turbolader pfeift laut bei hoher Drehzahl. Mercedes please help.
R001841,display_infotainment,da,"MBUX skaermen fryser under navigation, skal genstartes. VIN: WDB2030461A123456"
R001842,interior,en,Driver seat cushion has worn through after 18 months.
R001843,interior,en,Steering wheel heater only warms the lower half of the rim. !!!!!!
R001844,powertrain,de,Der Turbolader pfeift laut bei hoher Drehzahl.
R001845,interior,en,"Ambient lighting flickers randomly at night, very distracting. Contact me at john.doe@example.com or +49 30 1234567."
R001846,interior,en,"Sunroof refuses to close in cold weather, error on dashboard. Plate: B-MW 1234"
R001847,interior,en,Center console armrest is loose and wobbles when leaning on it. !!!!!!
R001848,display_infotainment,en,Head-up display flickers in direct sunlight. Contact me at john.doe@example.com or +49 30 1234567.
R001849,powertrain,en,Electric motor produces a humming noise when accelerating from stop. <p>this is a complaint</p>
R001850,interior,en,Power window switch on driver door is unresponsive intermittently.
R001851,interior,en,Driver seat cushion has worn through after 17 months. Plate: B-MW 1234
R001852,interior,en,Cabin filter smells musty even after replacement.
R001853,interior,en,Passenger seat ventilation makes a loud rattling noise on bumpy roads. !!!!!!
R001854,display_infotainment,de,Drahtloses Ladegeraet ueberhitzt und stoppt das Laden. Plate: B-MW 1234
R001855,interior,en,Driver seat cushion has worn through after 36 months.
R001856,display_infotainment,de,Apple CarPlay trennt die Verbindung alle 41 Minuten. Please fix this asap.
R001857,interior,en,Mirror auto-dimming feature does not work at night. Plate: B-MW 1234
R001858,display_infotainment,de,Drahtloses Ladegeraet ueberhitzt und stoppt das Laden.
R001859,display_infotainment,es,La pantalla MBUX se congela durante la navegacion. VIN: WDB2030461A123456
R001860,interior,en,"Sunroof refuses to close in cold weather, error on dashboard.  multiple   spaces   here  "
R001861,interior,en,The driver seat heater stops working after 35 minutes of driving.  multiple   spaces   here  
R001862,interior,en,Climate control blows cold air on driver side and hot on passenger side.
R001863,interior,en,Steering wheel heater only warms the lower half of the rim. !!!!!!
R001864,powertrain,de,"Kuehlmittelverlust unter dem Motor, suesslicher Geruch."
R001865,interior,en,"Rear seat belt buckle is stuck, cannot release the belt. Please fix this asap."
R001866,interior,en,The driver seat heater stops working after 45 minutes of driving.
R001867,interior,en,Passenger seat ventilation makes a loud rattling noise on bumpy roads. Please fix this asap.
R001868,interior,en,Driver seat cushion has worn through after 18 months.
R001869,interior,en,"Sunroof refuses to close in cold weather, error on dashboard."
R001870,interior,en,"Dome light stays on after locking the car, drains the 12v battery. Please fix this asap."
R001871,interior,en,"Rear seat belt buckle is stuck, cannot release the belt. Mercedes please help."
R001872,interior,en,Center console armrest is loose and wobbles when leaning on it.  multiple   spaces   here  
R001873,interior,en,Driver seat cushion has worn through after 27 months.
R001874,interior,en,"Dome light stays on after locking the car, drains the 12v battery."
R001875,display_infotainment,tr,Geri vites kamerasi siyah ekran gosteriyor.
R001876,display_infotainment,pl,Apple CarPlay rozlacza sie co 19 minut.  multiple   spaces   here  
R001877,interior,en,Steering wheel heater only warms the lower half of the rim. Mercedes please help.
R001878,interior,en,Cabin filter smells musty even after replacement. <p>this is a complaint</p>
R001879,interior,en,Cabin filter smells musty even after replacement.
R001880,interior,en,"Rear seat belt buckle is stuck, cannot release the belt."
R001881,display_infotainment,it,Lo schermo MBUX si blocca durante la navigazione. !!!!!!
R001882,interior,en,Center console armrest is loose and wobbles when leaning on it. Please fix this asap.
R001883,display_infotainment,en,GPS navigation routes through closed roads repeatedly.
R001884,interior,en,"Dome light stays on after locking the car, drains the 12v battery."
R001885,interior,en,Center console armrest is loose and wobbles when leaning on it.
R001886,interior,en,Driver seat cushion has worn through after 18 months. Contact me at john.doe@example.com or +49 30 1234567.
R001887,display_infotainment,en,Backup camera shows black screen when reverse is engaged. Contact me at john.doe@example.com or +49 30 1234567.
R001888,powertrain,en,On-board charger refuses to connect with public DC fast chargers. Please fix this asap.
R001889,interior,en,Climate control blows cold air on driver side and hot on passenger side.  multiple   spaces   here  
R001890,interior,en,The driver seat heater stops working after 28 minutes of driving.
R001891,interior,en,"Glove box latch broke, lid will not stay closed. Plate: B-MW 1234"
R001892,interior,en,"Dome light stays on after locking the car, drains the 12v battery. !!!!!!"
R001893,interior,en,"Ambient lighting flickers randomly at night, very distracting.  multiple   spaces   here  "
R001894,interior,en,Cup holder cracked after 45 months of normal use. VIN: WDB2030461A123456
R001895,interior,en,Center console armrest is loose and wobbles when leaning on it. Contact me at john.doe@example.com or +49 30 1234567.
R001896,display_infotainment,de,Hey Mercedes Sprachassistent versteht Befehle nicht. Plate: B-MW 1234
R001897,interior,en,"Glove box latch broke, lid will not stay closed."
R001898,display_infotainment,tr,Apple CarPlay her 53 dakikada bir baglantisi kesiliyor. Please fix this asap.
R001899,interior,en,"Dome light stays on after locking the car, drains the 12v battery. Plate: B-MW 1234"
R001900,interior,en,Mirror auto-dimming feature does not work at night.
R001901,interior,en,Cup holder cracked after 16 months of normal use. Please fix this asap.
R001902,interior,en,Power window switch on driver door is unresponsive intermittently. <p>this is a complaint</p>
R001903,interior,en,"Glove box latch broke, lid will not stay closed. Mercedes please help."
R001904,interior,en,"Rear seat belt buckle is stuck, cannot release the belt.  multiple   spaces   here  "
R001905,display_infotainment,de,Apple CarPlay trennt die Verbindung alle 49 Minuten. Plate: B-MW 1234
R001906,interior,en,"Rear seat belt buckle is stuck, cannot release the belt. Mercedes please help."
R001907,interior,en,Driver seat cushion has worn through after 3 months.
R001908,powertrain,en,On-board charger refuses to connect with public DC fast chargers. <p>this is a complaint</p>
R001909,powertrain,en,9G transmission shifts hard between 2nd and 3rd gear when cold.
R001910,interior,en,Passenger seat ventilation makes a loud rattling noise on bumpy roads.
R001911,interior,en,Mirror auto-dimming feature does not work at night. Contact me at john.doe@example.com or +49 30 1234567.
R001912,interior,en,The driver seat heater stops working after 51 minutes of driving. Mercedes please help.
R001913,interior,en,Passenger seat ventilation makes a loud rattling noise on bumpy roads.
R001914,interior,en,"Ambient lighting flickers randomly at night, very distracting."
R001915,interior,en,Mirror auto-dimming feature does not work at night. Mercedes please help.
R001916,interior,en,"Sunroof refuses to close in cold weather, error on dashboard. <p>this is a complaint</p>"
R001917,interior,en,"Glove box latch broke, lid will not stay closed."
R001918,interior,en,Driver seat cushion has worn through after 12 months.
R001919,interior,en,Cup holder cracked after 57 months of normal use. Please fix this asap.
R001920,display_infotainment,de,Burmester Soundsystem hat statisches Rauschen am hinteren rechten Lautsprecher. VIN: WDB2030461A123456
R001921,display_infotainment,da,Bluetooth-forbindelsen afbrydes hver gang bilen genstartes. Contact me at john.doe@example.com or +49 30 1234567.
R001922,interior,en,Center console armrest is loose and wobbles when leaning on it. VIN: WDB2030461A123456
R001923,interior,en,"Dome light stays on after locking the car, drains the 12v battery. Contact me at john.doe@example.com or +49 30 1234567."
R001924,interior,en,"Glove box latch broke, lid will not stay closed. Plate: B-MW 1234"
R001925,interior,en,"Glove box latch broke, lid will not stay closed. !!!!!!"
R001926,interior,en,Mirror auto-dimming feature does not work at night. Please fix this asap.
R001927,interior,en,"Sunroof refuses to close in cold weather, error on dashboard.  multiple   spaces   here  "
R001928,interior,en,Power window switch on driver door is unresponsive intermittently. Please fix this asap.
R001929,interior,en,"Ambient lighting flickers randomly at night, very distracting."
R001930,interior,en,Climate control blows cold air on driver side and hot on passenger side.  multiple   spaces   here  
R001931,display_infotainment,de,Apple CarPlay trennt die Verbindung alle 20 Minuten. Contact me at john.doe@example.com or +49 30 1234567.
R001932,interior,en,Center console armrest is loose and wobbles when leaning on it. Contact me at john.doe@example.com or +49 30 1234567.
R001933,display_infotainment,de,Drahtloses Ladegeraet ueberhitzt und stoppt das Laden.
R001934,interior,en,Steering wheel heater only warms the lower half of the rim.  multiple   spaces   here  
R001935,interior,en,"Sunroof refuses to close in cold weather, error on dashboard.  multiple   spaces   here  "
R001936,interior,en,Cup holder cracked after 14 months of normal use. Mercedes please help.
R001937,display_infotainment,de,Rueckfahrkamera zeigt schwarzen Bildschirm beim Einlegen des Rueckwaertsgangs. Mercedes please help.
R001938,interior,en,Center console armrest is loose and wobbles when leaning on it. <p>this is a complaint</p>
R001939,interior,en,Driver seat cushion has worn through after 26 months.
R001940,interior,en,Steering wheel heater only warms the lower half of the rim. !!!!!!
R001941,interior,en,Cabin filter smells musty even after replacement.  multiple   spaces   here  
R001942,display_infotainment,fr,"L ecran MBUX se fige pendant la navigation, redemarrage requis. <p>this is a complaint</p>"
R001943,interior,en,Power window switch on driver door is unresponsive intermittently. !!!!!!
R001944,powertrain,en,On-board charger refuses to connect with public DC fast chargers. Mercedes please help.
R001945,interior,en,Passenger seat ventilation makes a loud rattling noise on bumpy roads.
R001946,interior,en,Passenger seat ventilation makes a loud rattling noise on bumpy roads. !!!!!!
R001947,interior,en,"Rear seat belt buckle is stuck, cannot release the belt."
R001948,powertrain,de,Reichweite der Hochvoltbatterie ist nach einem Winter um 14 Prozent gesunken. Please fix this asap.
R001949,interior,en,The driver seat heater stops working after 36 minutes of driving.
R001950,interior,en,Passenger seat ventilation makes a loud rattling noise on bumpy roads.
R001951,interior,en,Center console armrest is loose and wobbles when leaning on it. Contact me at john.doe@example.com or +49 30 1234567.
R001952,powertrain,en,Electric motor produces a humming noise when accelerating from stop.
R001953,interior,en,"Rear seat belt buckle is stuck, cannot release the belt."
R001954,interior,en,Power window switch on driver door is unresponsive intermittently.  multiple   spaces   here  
R001955,display_infotainment,de,Apple CarPlay trennt die Verbindung alle 31 Minuten. <p>this is a complaint</p>
R001956,display_infotainment,de,MBUX-Bildschirm friert waehrend der Navigation ein.
R001957,display_infotainment,es,La camara de marcha atras muestra pantalla negra.
R001958,interior,en,Cabin filter smells musty even after replacement. Mercedes please help.
R001959,interior,en,"Rear seat belt buckle is stuck, cannot release the belt."
R001960,interior,en,Driver seat cushion has worn through after 18 months. Mercedes please help.
R001961,display_infotainment,en,Backup camera shows black screen when reverse is engaged.  multiple   spaces   here  
R001962,powertrain,de,AdBlue-Warnung bleibt trotz Nachfuellen bestehen.  multiple   spaces   here  
R001963,display_infotainment,en,Software update OTA failed and bricked the head unit. <p>this is a complaint</p>
R001964,display_infotainment,en,Head-up display flickers in direct sunlight. Contact me at john.doe@example.com or +49 30 1234567.
R001965,powertrain,en,AdBlue warning appears constantly even after refilling. VIN: WDB2030461A123456
R001966,interior,en,"Sunroof refuses to close in cold weather, error on dashboard. Contact me at john.doe@example.com or +49 30 1234567."
R001967,interior,en,Power window switch on driver door is unresponsive intermittently. Please fix this asap.
R001968,interior,en,Center console armrest is loose and wobbles when leaning on it.
R001969,powertrain,de,Dieselpartikelfilter-Regeneration schlaegt wiederholt fehl. VIN: WDB2030461A123456
R001970,interior,en,"Rear seat belt buckle is stuck, cannot release the belt. !!!!!!"
R001971,interior,en,Cup holder cracked after 58 months of normal use.
R001972,display_infotainment,en,Head-up display flickers in direct sunlight.
R001973,interior,en,Steering wheel heater only warms the lower half of the rim. Please fix this asap.
R001974,interior,en,Cabin filter smells musty even after replacement.
R001975,interior,en,Steering wheel heater only warms the lower half of the rim.  multiple   spaces   here  
R001976,interior,en,The driver seat heater stops working after 39 minutes of driving.  multiple   spaces   here  
R001977,interior,en,Center console armrest is loose and wobbles when leaning on it. Plate: B-MW 1234
R001978,interior,en,Cabin filter smells musty even after replacement.
R001979,interior,en,"Rear seat belt buckle is stuck, cannot release the belt."
R001980,interior,en,Cup holder cracked after 50 months of normal use. !!!!!!
R001981,interior,en,Cup holder cracked after 43 months of normal use.
R001982,powertrain,en,AdBlue warning appears constantly even after refilling.
R001983,interior,en,Cup holder cracked after 37 months of normal use.  multiple   spaces   here  
R001984,interior,en,Cup holder cracked after 53 months of normal use. Contact me at john.doe@example.com or +49 30 1234567.
R001985,powertrain,en,"Engine misfire under heavy acceleration, check engine light on. <p>this is a complaint</p>"
R001986,interior,en,Center console armrest is loose and wobbles when leaning on it.
R001987,interior,en,The driver seat heater stops working after 33 minutes of driving. <p>this is a complaint</p>
R001988,interior,en,Power window switch on driver door is unresponsive intermittently. VIN: WDB2030461A123456
R001989,interior,en,"Sunroof refuses to close in cold weather, error on dashboard. Plate: B-MW 1234"
R001990,interior,en,Cup holder cracked after 22 months of normal use. <p>this is a complaint</p>
R001991,interior,en,Driver seat cushion has worn through after 55 months. Plate: B-MW 1234
R001992,display_infotainment,da,Bluetooth-forbindelsen afbrydes hver gang bilen genstartes.
R001993,interior,en,"Ambient lighting flickers randomly at night, very distracting. Contact me at john.doe@example.com or +49 30 1234567."
R001994,interior,en,Power window switch on driver door is unresponsive intermittently. VIN: WDB2030461A123456
R001995,interior,en,The driver seat heater stops working after 51 minutes of driving. !!!!!!
R001996,interior,en,Center console armrest is loose and wobbles when leaning on it.
R001997,display_infotainment,tr,MBUX dokunmatik ekran navigasyon sirasinda donuyor. Please fix this asap.
R001998,powertrain,en,Electric motor produces a humming noise when accelerating from stop. Please fix this asap.
R001999,powertrain,de,Dieselpartikelfilter-Regeneration schlaegt wiederholt fehl. Mercedes please help.
R002000,interior,en,"Glove box latch broke, lid will not stay closed. Contact me at john.doe@example.com or +49 30 1234567."
R002001,powertrain,en,"12v battery drains overnight, car will not start in the morning. Plate: B-MW 1234"
R002002,interior,en,Steering wheel heater only warms the lower half of the rim. !!!!!!
R002003,interior,en,Passenger seat ventilation makes a loud rattling noise on bumpy roads. VIN: WDB2030461A123456
R002004,interior,en,The driver seat heater stops working after 55 minutes of driving.
R002005,interior,en,The driver seat heater stops working after 14 minutes of driving.
R002006,interior,en,Passenger seat ventilation makes a loud rattling noise on bumpy roads.
R002007,interior,en,Driver seat cushion has worn through after 26 months. !!!!!!
R002008,interior,en,"Dome light stays on after locking the car, drains the 12v battery. <p>this is a complaint</p>"
R002009,interior,en,The driver seat heater stops working after 25 minutes of driving.
R002010,interior,en,Passenger seat ventilation makes a loud rattling noise on bumpy roads.
R002011,display_infotainment,en,Head-up display flickers in direct sunlight. !!!!!!
R002012,interior,en,Mirror auto-dimming feature does not work at night.
R002013,interior,en,"Glove box latch broke, lid will not stay closed."
R002014,interior,en,Center console armrest is loose and wobbles when leaning on it. Mercedes please help.
R002015,display_infotainment,fr,"L ecran MBUX se fige pendant la navigation, redemarrage requis. <p>this is a complaint</p>"
R002016,interior,en,"Dome light stays on after locking the car, drains the 12v battery."
R002017,interior,en,Center console armrest is loose and wobbles when leaning on it.
R002018,display_infotainment,en,Hey Mercedes voice assistant does not recognize commands.
R002019,display_infotainment,en,Backup camera shows black screen when reverse is engaged.
R002020,powertrain,de,Dieselpartikelfilter-Regeneration schlaegt wiederholt fehl. Mercedes please help.
R002021,interior,en,Climate control blows cold air on driver side and hot on passenger side. !!!!!!
R002022,interior,en,"Glove box latch broke, lid will not stay closed."
R002023,interior,en,Climate control blows cold air on driver side and hot on passenger side. Mercedes please help.
R002024,powertrain,de,Das 9G-Getriebe schaltet im kalten Zustand sehr hart. !!!!!!
R002025,interior,en,"Glove box latch broke, lid will not stay closed. Mercedes please help."
R002026,display_infotainment,en,Wireless charger overheats and stops charging the phone.  multiple   spaces   here  
R002027,interior,en,Steering wheel heater only warms the lower half of the rim. VIN: WDB2030461A123456
R002028,interior,en,"Ambient lighting flickers randomly at night, very distracting. VIN: WDB2030461A123456"
R002029,display_infotainment,de,Burmester Soundsystem hat statisches Rauschen am hinteren rechten Lautsprecher. Please fix this asap.
R002030,display_infotainment,da,Bluetooth-forbindelsen afbrydes hver gang bilen genstartes. Please fix this asap.
R002031,display_infotainment,de,Rueckfahrkamera zeigt schwarzen Bildschirm beim Einlegen des Rueckwaertsgangs.  multiple   spaces   here  
R002032,interior,en,Driver seat cushion has worn through after 48 months. Please fix this asap.
R002033,interior,en,"Dome light stays on after locking the car, drains the 12v battery. VIN: WDB2030461A123456"
R002034,interior,en,Cabin filter smells musty even after replacement. VIN: WDB2030461A123456
R002035,display_infotainment,en,Bluetooth pairing drops every time the car is restarted. Please fix this asap.
R002036,display_infotainment,de,Burmester Soundsystem hat statisches Rauschen am hinteren rechten Lautsprecher. Mercedes please help.
R002037,interior,en,The driver seat heater stops working after 20 minutes of driving. Plate: B-MW 1234
R002038,interior,en,"Ambient lighting flickers randomly at night, very distracting."
R002039,interior,en,"Sunroof refuses to close in cold weather, error on dashboard."
R002040,display_infotainment,en,"MBUX touchscreen freezes during navigation, requires reboot.  multiple   spaces   here  "
R002041,display_infotainment,pl,"Ekran MBUX zawiesza sie podczas nawigacji, wymaga restartu."
R002042,display_infotainment,da,"MBUX skaermen fryser under navigation, skal genstartes. VIN: WDB2030461A123456"
R002043,interior,en,"Dome light stays on after locking the car, drains the 12v battery."
R002044,interior,en,"Rear seat belt buckle is stuck, cannot release the belt. Please fix this asap."
R002045,interior,en,Power window switch on driver door is unresponsive intermittently. Please fix this asap.
R002046,display_infotainment,en,Software update OTA failed and bricked the head unit.
R002047,interior,en,Power window switch on driver door is unresponsive intermittently.
R002048,interior,en,"Dome light stays on after locking the car, drains the 12v battery."
R002049,powertrain,de,Der Turbolader pfeift laut bei hoher Drehzahl.  multiple   spaces   here  
R002050,interior,en,"Rear seat belt buckle is stuck, cannot release the belt. <p>this is a complaint</p>"
R002051,powertrain,en,AdBlue warning appears constantly even after refilling. Plate: B-MW 1234
R002052,interior,en,The driver seat heater stops working after 48 minutes of driving.  multiple   spaces   here  
R002053,interior,en,Passenger seat ventilation makes a loud rattling noise on bumpy roads.  multiple   spaces   here  
R002054,interior,en,Cabin filter smells musty even after replacement. Please fix this asap.
R002055,interior,en,Driver seat cushion has worn through after 29 months. Mercedes please help.
R002056,display_infotainment,en,Backup camera shows black screen when reverse is engaged.  multiple   spaces   here  
R002057,interior,en,"Glove box latch broke, lid will not stay closed. Plate: B-MW 1234"
R002058,display_infotainment,tr,Apple CarPlay her 51 dakikada bir baglantisi kesiliyor. !!!!!!
R002059,interior,en,Power window switch on driver door is unresponsive intermittently. VIN: WDB2030461A123456
R002060,interior,en,Climate control blows cold air on driver side and hot on passenger side. Plate: B-MW 1234
R002061,interior,en,Climate control blows cold air on driver side and hot on passenger side. <p>this is a complaint</p>
R002062,interior,en,The driver seat heater stops working after 45 minutes of driving. <p>this is a complaint</p>
R002063,display_infotainment,de,Burmester Soundsystem hat statisches Rauschen am hinteren rechten Lautsprecher.  multiple   spaces   here  
R002064,interior,en,Climate control blows cold air on driver side and hot on passenger side.
R002065,interior,en,Power window switch on driver door is unresponsive intermittently.  multiple   spaces   here  
R002066,interior,en,"Ambient lighting flickers randomly at night, very distracting. Please fix this asap."
R002067,interior,en,"Dome light stays on after locking the car, drains the 12v battery. <p>this is a complaint</p>"
R002068,interior,en,Steering wheel heater only warms the lower half of the rim.
R002069,interior,en,Climate control blows cold air on driver side and hot on passenger side. Mercedes please help.
R002070,powertrain,en,"12v battery drains overnight, car will not start in the morning.  multiple   spaces   here  "
R002071,interior,en,Climate control blows cold air on driver side and hot on passenger side.
R002072,interior,en,"Glove box latch broke, lid will not stay closed. Plate: B-MW 1234"
R002073,interior,en,"Dome light stays on after locking the car, drains the 12v battery. <p>this is a complaint</p>"
R002074,interior,en,"Sunroof refuses to close in cold weather, error on dashboard."
R002075,interior,en,Steering wheel heater only warms the lower half of the rim. Please fix this asap.
R002076,interior,en,"Dome light stays on after locking the car, drains the 12v battery."
R002077,interior,en,Steering wheel heater only warms the lower half of the rim. Mercedes please help.
R002078,interior,en,"Sunroof refuses to close in cold weather, error on dashboard. Please fix this asap."
R002079,interior,en,"Glove box latch broke, lid will not stay closed."
R002080,powertrain,en,"Coolant leak under the engine bay, sweet smell after driving. Please fix this asap."
R002081,interior,en,Cabin filter smells musty even after replacement. Contact me at john.doe@example.com or +49 30 1234567.
R002082,interior,en,"Rear seat belt buckle is stuck, cannot release the belt."
R002083,display_infotainment,en,Software update OTA failed and bricked the head unit.
R002084,interior,en,"Ambient lighting flickers randomly at night, very distracting.  multiple   spaces   here  "
R002085,powertrain,en,9G transmission shifts hard between 2nd and 3rd gear when cold.
R002086,powertrain,en,Electric motor produces a humming noise when accelerating from stop. Plate: B-MW 1234
R002087,display_infotainment,it,Lo schermo MBUX si blocca durante la navigazione.
R002088,interior,en,Center console armrest is loose and wobbles when leaning on it.  multiple   spaces   here  
R002089,interior,en,"Rear seat belt buckle is stuck, cannot release the belt. Contact me at john.doe@example.com or +49 30 1234567."
R002090,interior,en,"Sunroof refuses to close in cold weather, error on dashboard. <p>this is a complaint</p>"
R002091,interior,en,"Sunroof refuses to close in cold weather, error on dashboard. VIN: WDB2030461A123456"
R002092,interior,en,Power window switch on driver door is unresponsive intermittently. VIN: WDB2030461A123456
R002093,interior,en,Center console armrest is loose and wobbles when leaning on it.
R002094,interior,en,"Glove box latch broke, lid will not stay closed."
R002095,interior,en,Mirror auto-dimming feature does not work at night. !!!!!!
R002096,interior,en,Power window switch on driver door is unresponsive intermittently.
R002097,interior,en,"Sunroof refuses to close in cold weather, error on dashboard.  multiple   spaces   here  "
R002098,interior,en,Power window switch on driver door is unresponsive intermittently.
R002099,interior,en,The driver seat heater stops working after 6 minutes of driving. Mercedes please help.
R002100,interior,en,"Glove box latch broke, lid will not stay closed. !!!!!!"
R002101,interior,en,Passenger seat ventilation makes a loud rattling noise on bumpy roads.
R002102,interior,en,Mirror auto-dimming feature does not work at night. !!!!!!
R002103,interior,en,Steering wheel heater only warms the lower half of the rim. VIN: WDB2030461A123456
R002104,display_infotainment,en,Backup camera shows black screen when reverse is engaged. Please fix this asap.
R002105,interior,en,"Dome light stays on after locking the car, drains the 12v battery. VIN: WDB2030461A123456"
R002106,interior,en,"Sunroof refuses to close in cold weather, error on dashboard. VIN: WDB2030461A123456"
R002107,display_infotainment,da,Bluetooth-forbindelsen afbrydes hver gang bilen genstartes. <p>this is a complaint</p>
R002108,interior,en,"Sunroof refuses to close in cold weather, error on dashboard. VIN: WDB2030461A123456"
R002109,interior,en,"Rear seat belt buckle is stuck, cannot release the belt. Mercedes please help."
R002110,powertrain,en,"Engine misfire under heavy acceleration, check engine light on. Please fix this asap."
R002111,interior,en,Cup holder cracked after 42 months of normal use.
R002112,interior,en,Climate control blows cold air on driver side and hot on passenger side.
R002113,display_infotainment,tr,Apple CarPlay her 18 dakikada bir baglantisi kesiliyor. Mercedes please help.
R002114,display_infotainment,fr,La camera de recul affiche un ecran noir.
R002115,display_infotainment,es,La camara de marcha atras muestra pantalla negra.
R002116,interior,en,Cup holder cracked after 59 months of normal use. Mercedes please help.
R002117,interior,en,Passenger seat ventilation makes a loud rattling noise on bumpy roads. <p>this is a complaint</p>
R002118,interior,en,"Glove box latch broke, lid will not stay closed. Plate: B-MW 1234"
R002119,display_infotainment,tr,Geri vites kamerasi siyah ekran gosteriyor.
R002120,interior,en,"Dome light stays on after locking the car, drains the 12v battery."
R002121,interior,en,Power window switch on driver door is unresponsive intermittently. Plate: B-MW 1234
R002122,interior,en,Climate control blows cold air on driver side and hot on passenger side.
R002123,interior,en,"Ambient lighting flickers randomly at night, very distracting. Plate: B-MW 1234"
R002124,interior,en,Cabin filter smells musty even after replacement.
R002125,display_infotainment,en,GPS navigation routes through closed roads repeatedly. <p>this is a complaint</p>
R002126,powertrain,de,Der Elektromotor brummt beim Anfahren aus dem Stand.
R002127,interior,en,Mirror auto-dimming feature does not work at night.  multiple   spaces   here  
R002128,interior,en,Mirror auto-dimming feature does not work at night. Plate: B-MW 1234
R002129,display_infotainment,de,MBUX-Bildschirm friert waehrend der Navigation ein.
R002130,interior,en,Center console armrest is loose and wobbles when leaning on it.
R002131,interior,en,Driver seat cushion has worn through after 58 months.
R002132,powertrain,de,Der Turbolader pfeift laut bei hoher Drehzahl. Mercedes please help.
R002133,display_infotainment,en,GPS navigation routes through closed roads repeatedly. Contact me at john.doe@example.com or +49 30 1234567.
R002134,powertrain,en,On-board charger refuses to connect with public DC fast chargers.
R002135,powertrain,en,AdBlue warning appears constantly even after refilling.
R002136,interior,en,Cabin filter smells musty even after replacement. Plate: B-MW 1234
R002137,interior,en,"Dome light stays on after locking the car, drains the 12v battery. Plate: B-MW 1234"
R002138,interior,en,"Dome light stays on after locking the car, drains the 12v battery."
R002139,interior,en,The driver seat heater stops working after 24 minutes of driving.
R002140,interior,en,"Rear seat belt buckle is stuck, cannot release the belt."
R002141,interior,en,"Dome light stays on after locking the car, drains the 12v battery. Contact me at john.doe@example.com or +49 30 1234567."
R002142,powertrain,de,Das 9G-Getriebe schaltet im kalten Zustand sehr hart.
R002143,display_infotainment,de,Drahtloses Ladegeraet ueberhitzt und stoppt das Laden. Contact me at john.doe@example.com or +49 30 1234567.
R002144,interior,en,"Sunroof refuses to close in cold weather, error on dashboard."
R002145,interior,en,Cabin filter smells musty even after replacement.
R002146,display_infotainment,es,La camara de marcha atras muestra pantalla negra. Mercedes please help.
R002147,interior,en,"Glove box latch broke, lid will not stay closed."
R002148,powertrain,en,9G transmission shifts hard between 2nd and 3rd gear when cold.
R002149,display_infotainment,de,Burmester Soundsystem hat statisches Rauschen am hinteren rechten Lautsprecher. Plate: B-MW 1234
R002150,interior,en,Cup holder cracked after 57 months of normal use. Contact me at john.doe@example.com or +49 30 1234567.
R002151,display_infotainment,de,Rueckfahrkamera zeigt schwarzen Bildschirm beim Einlegen des Rueckwaertsgangs. Mercedes please help.
R002152,powertrain,de,AdBlue-Warnung bleibt trotz Nachfuellen bestehen. <p>this is a complaint</p>
R002153,interior,en,"Dome light stays on after locking the car, drains the 12v battery. <p>this is a complaint</p>"
R002154,interior,en,Climate control blows cold air on driver side and hot on passenger side. VIN: WDB2030461A123456
R002155,interior,en,Center console armrest is loose and wobbles when leaning on it.  multiple   spaces   here  
R002156,interior,en,Passenger seat ventilation makes a loud rattling noise on bumpy roads. Contact me at john.doe@example.com or +49 30 1234567.
R002157,interior,en,Mirror auto-dimming feature does not work at night.
R002158,display_infotainment,en,Software update OTA failed and bricked the head unit. VIN: WDB2030461A123456
R002159,interior,en,Center console armrest is loose and wobbles when leaning on it.
R002160,interior,en,Climate control blows cold air on driver side and hot on passenger side.  multiple   spaces   here  
R002161,interior,en,The driver seat heater stops working after 14 minutes of driving.
R002162,interior,en,Mirror auto-dimming feature does not work at night.
R002163,powertrain,en,Diesel particulate filter regeneration fails repeatedly. Contact me at john.doe@example.com or +49 30 1234567.
R002164,interior,en,Power window switch on driver door is unresponsive intermittently. Plate: B-MW 1234
R002165,display_infotainment,pl,"Ekran MBUX zawiesza sie podczas nawigacji, wymaga restartu. VIN: WDB2030461A123456"
R002166,display_infotainment,de,Burmester Soundsystem hat statisches Rauschen am hinteren rechten Lautsprecher. !!!!!!
R002167,interior,en,Center console armrest is loose and wobbles when leaning on it. VIN: WDB2030461A123456
R002168,interior,en,Cabin filter smells musty even after replacement. Plate: B-MW 1234
R002169,display_infotainment,pl,"Ekran MBUX zawiesza sie podczas nawigacji, wymaga restartu. VIN: WDB2030461A123456"
R002170,interior,en,Steering wheel heater only warms the lower half of the rim. Please fix this asap.
R002171,interior,en,"Ambient lighting flickers randomly at night, very distracting. Contact me at john.doe@example.com or +49 30 1234567."
R002172,interior,en,Center console armrest is loose and wobbles when leaning on it.
R002173,display_infotainment,en,Hey Mercedes voice assistant does not recognize commands.
R002174,interior,en,"Glove box latch broke, lid will not stay closed. <p>this is a complaint</p>"
R002175,display_infotainment,pl,"Ekran MBUX zawiesza sie podczas nawigacji, wymaga restartu. <p>this is a complaint</p>"
R002176,interior,en,Passenger seat ventilation makes a loud rattling noise on bumpy roads. <p>this is a complaint</p>
R002177,interior,en,Cup holder cracked after 7 months of normal use. VIN: WDB2030461A123456
R002178,powertrain,de,Der Elektromotor brummt beim Anfahren aus dem Stand. Plate: B-MW 1234
R002179,display_infotainment,de,Hey Mercedes Sprachassistent versteht Befehle nicht. VIN: WDB2030461A123456
R002180,interior,en,Cabin filter smells musty even after replacement.
R002181,display_infotainment,da,Bakkamera viser sort skaerm naar jeg saetter i bakgear. !!!!!!
R002182,display_infotainment,en,Wireless charger overheats and stops charging the phone.
R002183,interior,en,Center console armrest is loose and wobbles when leaning on it.
R002184,interior,en,Power window switch on driver door is unresponsive intermittently. <p>this is a complaint</p>
R002185,powertrain,de,"Kuehlmittelverlust unter dem Motor, suesslicher Geruch."
R002186,interior,en,Passenger seat ventilation makes a loud rattling noise on bumpy roads.
R002187,display_infotainment,en,"MBUX touchscreen freezes during navigation, requires reboot. Plate: B-MW 1234"
R002188,powertrain,en,"Engine misfire under heavy acceleration, check engine light on. Contact me at john.doe@example.com or +49 30 1234567."
R002189,interior,en,"Rear seat belt buckle is stuck, cannot release the belt. VIN: WDB2030461A123456"
R002190,display_infotainment,tr,MBUX dokunmatik ekran navigasyon sirasinda donuyor. Contact me at john.doe@example.com or +49 30 1234567.
R002191,interior,en,"Dome light stays on after locking the car, drains the 12v battery. !!!!!!"
R002192,interior,en,Steering wheel heater only warms the lower half of the rim. Contact me at john.doe@example.com or +49 30 1234567.
R002193,interior,en,"Dome light stays on after locking the car, drains the 12v battery."
R002194,interior,en,Climate control blows cold air on driver side and hot on passenger side.
R002195,interior,en,Climate control blows cold air on driver side and hot on passenger side.
R002196,interior,en,"Ambient lighting flickers randomly at night, very distracting."
R002197,interior,en,The driver seat heater stops working after 11 minutes of driving.
R002198,interior,en,Driver seat cushion has worn through after 40 months.
R002199,interior,en,Passenger seat ventilation makes a loud rattling noise on bumpy roads.
R002200,interior,en,"Ambient lighting flickers randomly at night, very distracting."
R002201,interior,en,"Dome light stays on after locking the car, drains the 12v battery. !!!!!!"
R002202,interior,en,"Dome light stays on after locking the car, drains the 12v battery. Plate: B-MW 1234"
R002203,display_infotainment,en,Wireless charger overheats and stops charging the phone. Contact me at john.doe@example.com or +49 30 1234567.
R002204,powertrain,de,Das 9G-Getriebe schaltet im kalten Zustand sehr hart.
R002205,interior,en,Power window switch on driver door is unresponsive intermittently. Please fix this asap.
R002206,interior,en,Steering wheel heater only warms the lower half of the rim.
R002207,powertrain,de,Dieselpartikelfilter-Regeneration schlaegt wiederholt fehl.
R002208,interior,en,"Ambient lighting flickers randomly at night, very distracting."
R002209,interior,en,Power window switch on driver door is unresponsive intermittently. Please fix this asap.
R002210,interior,en,Climate control blows cold air on driver side and hot on passenger side.
R002211,interior,en,"Dome light stays on after locking the car, drains the 12v battery."
R002212,interior,en,Center console armrest is loose and wobbles when leaning on it. !!!!!!
R002213,interior,en,Passenger seat ventilation makes a loud rattling noise on bumpy roads. Contact me at john.doe@example.com or +49 30 1234567.
R002214,powertrain,en,Diesel particulate filter regeneration fails repeatedly. Mercedes please help.
R002215,interior,en,Cup holder cracked after 18 months of normal use. VIN: WDB2030461A123456
R002216,interior,en,"Dome light stays on after locking the car, drains the 12v battery. Please fix this asap."
R002217,display_infotainment,tr,MBUX dokunmatik ekran navigasyon sirasinda donuyor. Plate: B-MW 1234
R002218,interior,en,Center console armrest is loose and wobbles when leaning on it. !!!!!!
R002219,interior,en,Cabin filter smells musty even after replacement.
R002220,display_infotainment,en,Software update OTA failed and bricked the head unit. <p>this is a complaint</p>
R002221,interior,en,"Sunroof refuses to close in cold weather, error on dashboard."
R002222,interior,en,"Rear seat belt buckle is stuck, cannot release the belt. !!!!!!"
R002223,display_infotainment,pl,Apple CarPlay rozlacza sie co 56 minut.
R002224,display_infotainment,de,Rueckfahrkamera zeigt schwarzen Bildschirm beim Einlegen des Rueckwaertsgangs. Mercedes please help.
R002225,interior,en,Cup holder cracked after 37 months of normal use.  multiple   spaces   here  
R002226,interior,en,The driver seat heater stops working after 42 minutes of driving.
R002227,interior,en,Power window switch on driver door is unresponsive intermittently.  multiple   spaces   here  
R002228,interior,en,Power window switch on driver door is unresponsive intermittently. VIN: WDB2030461A123456
R002229,interior,en,Cabin filter smells musty even after replacement.
R002230,interior,en,Cup holder cracked after 23 months of normal use. Mercedes please help.
R002231,powertrain,en,"Engine misfire under heavy acceleration, check engine light on."
R002232,interior,en,Driver seat cushion has worn through after 23 months. !!!!!!
R002233,interior,en,"Rear seat belt buckle is stuck, cannot release the belt.  multiple   spaces   here  "
R002234,interior,en,"Ambient lighting flickers randomly at night, very distracting. Contact me at john.doe@example.com or +49 30 1234567."
R002235,interior,en,"Rear seat belt buckle is stuck, cannot release the belt. VIN: WDB2030461A123456"
R002236,display_infotainment,de,Burmester Soundsystem hat statisches Rauschen am hinteren rechten Lautsprecher.  multiple   spaces   here  
R002237,display_infotainment,es,La pantalla MBUX se congela durante la navegacion. <p>this is a complaint</p>
R002238,interior,en,Climate control blows cold air on driver side and hot on passenger side.
R002239,interior,en,"Glove box latch broke, lid will not stay closed. Please fix this asap."
R002240,interior,en,The driver seat heater stops working after 15 minutes of driving. Plate: B-MW 1234
R002241,interior,en,Cabin filter smells musty even after replacement.  multiple   spaces   here  
R002242,interior,en,"Ambient lighting flickers randomly at night, very distracting."
R002243,display_infotainment,de,MBUX-Bildschirm friert waehrend der Navigation ein. Mercedes please help.
R002244,interior,en,Driver seat cushion has worn through after 12 months. Plate: B-MW 1234
R002245,interior,en,"Ambient lighting flickers randomly at night, very distracting. Plate: B-MW 1234"
R002246,interior,en,Cabin filter smells musty even after replacement.  multiple   spaces   here  
R002247,interior,en,Driver seat cushion has worn through after 22 months. <p>this is a complaint</p>
R002248,interior,en,Steering wheel heater only warms the lower half of the rim.
R002249,interior,en,"Sunroof refuses to close in cold weather, error on dashboard. Please fix this asap."
R002250,interior,en,Power window switch on driver door is unresponsive intermittently.
R002251,interior,en,"Ambient lighting flickers randomly at night, very distracting."
R002252,interior,en,The driver seat heater stops working after 51 minutes of driving.
R002253,display_infotainment,de,Burmester Soundsystem hat statisches Rauschen am hinteren rechten Lautsprecher. VIN: WDB2030461A123456
R002254,interior,en,"Rear seat belt buckle is stuck, cannot release the belt. VIN: WDB2030461A123456"
R002255,interior,en,Cup holder cracked after 32 months of normal use. <p>this is a complaint</p>
R002256,display_infotainment,en,GPS navigation routes through closed roads repeatedly.  multiple   spaces   here  
R002257,interior,en,Cabin filter smells musty even after replacement.
R002258,display_infotainment,es,La camara de marcha atras muestra pantalla negra. VIN: WDB2030461A123456
R002259,interior,en,"Ambient lighting flickers randomly at night, very distracting."
R002260,powertrain,de,"Kuehlmittelverlust unter dem Motor, suesslicher Geruch. Mercedes please help."
R002261,powertrain,de,Der Elektromotor brummt beim Anfahren aus dem Stand.
R002262,interior,en,Mirror auto-dimming feature does not work at night.
R002263,interior,en,"Dome light stays on after locking the car, drains the 12v battery."
R002264,interior,en,Mirror auto-dimming feature does not work at night.
R002265,interior,en,Cabin filter smells musty even after replacement. !!!!!!
R002266,powertrain,en,"Engine misfire under heavy acceleration, check engine light on. Plate: B-MW 1234"
R002267,powertrain,en,EV high voltage battery range dropped 22 percent after one winter.
R002268,interior,en,Power window switch on driver door is unresponsive intermittently. VIN: WDB2030461A123456
R002269,interior,en,"Rear seat belt buckle is stuck, cannot release the belt. !!!!!!"
R002270,interior,en,"Ambient lighting flickers randomly at night, very distracting."
R002271,interior,en,The driver seat heater stops working after 41 minutes of driving. VIN: WDB2030461A123456
R002272,interior,en,"Sunroof refuses to close in cold weather, error on dashboard. VIN: WDB2030461A123456"
R002273,interior,en,Cup holder cracked after 19 months of normal use.
R002274,display_infotainment,fr,"L ecran MBUX se fige pendant la navigation, redemarrage requis."
R002275,interior,en,"Ambient lighting flickers randomly at night, very distracting."
R002276,interior,en,Mirror auto-dimming feature does not work at night. Please fix this asap.
R002277,interior,en,The driver seat heater stops working after 10 minutes of driving.
R002278,interior,en,"Glove box latch broke, lid will not stay closed."
R002279,interior,en,The driver seat heater stops working after 7 minutes of driving. Mercedes please help.
R002280,interior,en,Center console armrest is loose and wobbles when leaning on it. Plate: B-MW 1234
R002281,display_infotainment,tr,Apple CarPlay her 55 dakikada bir baglantisi kesiliyor. <p>this is a complaint</p>
R002282,interior,en,"Dome light stays on after locking the car, drains the 12v battery. Please fix this asap."
R002283,interior,en,Driver seat cushion has worn through after 14 months. <p>this is a complaint</p>
R002284,powertrain,de,Dieselpartikelfilter-Regeneration schlaegt wiederholt fehl.
R002285,display_infotainment,pl,Asystent glosowy Hey Mercedes nie rozpoznaje polecen.  multiple   spaces   here  
R002286,interior,en,"Ambient lighting flickers randomly at night, very distracting."
R002287,display_infotainment,es,La pantalla MBUX se congela durante la navegacion. <p>this is a complaint</p>
R002288,interior,en,"Rear seat belt buckle is stuck, cannot release the belt."
R002289,interior,en,Center console armrest is loose and wobbles when leaning on it.  multiple   spaces   here  
R002290,interior,en,"Sunroof refuses to close in cold weather, error on dashboard."
R002291,interior,en,Mirror auto-dimming feature does not work at night. Plate: B-MW 1234
R002292,interior,en,Cup holder cracked after 27 months of normal use.
R002293,interior,en,"Glove box latch broke, lid will not stay closed. Please fix this asap."
R002294,display_infotainment,it,Apple CarPlay si disconnette ogni 22 minuti. Contact me at john.doe@example.com or +49 30 1234567.
R002295,interior,en,Passenger seat ventilation makes a loud rattling noise on bumpy roads. Contact me at john.doe@example.com or +49 30 1234567.
R002296,interior,en,"Rear seat belt buckle is stuck, cannot release the belt. Contact me at john.doe@example.com or +49 30 1234567."
R002297,display_infotainment,en,GPS navigation routes through closed roads repeatedly.  multiple   spaces   here  
R002298,interior,en,"Dome light stays on after locking the car, drains the 12v battery."
R002299,interior,en,Steering wheel heater only warms the lower half of the rim. <p>this is a complaint</p>
R002300,display_infotainment,de,MBUX-Bildschirm friert waehrend der Navigation ein. VIN: WDB2030461A123456
R002301,interior,en,Cabin filter smells musty even after replacement.
R002302,interior,en,Steering wheel heater only warms the lower half of the rim. Plate: B-MW 1234
R002303,interior,en,"Dome light stays on after locking the car, drains the 12v battery."
R002304,interior,en,"Rear seat belt buckle is stuck, cannot release the belt. Mercedes please help."
R002305,interior,en,"Sunroof refuses to close in cold weather, error on dashboard. <p>this is a complaint</p>"
R002306,interior,en,Cabin filter smells musty even after replacement. Mercedes please help.
R002307,interior,en,Cup holder cracked after 36 months of normal use. <p>this is a complaint</p>
R002308,interior,en,"Glove box latch broke, lid will not stay closed. !!!!!!"
R002309,interior,en,Mirror auto-dimming feature does not work at night. <p>this is a complaint</p>
R002310,interior,en,"Rear seat belt buckle is stuck, cannot release the belt."
R002311,interior,en,"Rear seat belt buckle is stuck, cannot release the belt. Please fix this asap."
R002312,interior,en,Driver seat cushion has worn through after 30 months.
R002313,interior,en,Steering wheel heater only warms the lower half of the rim.
R002314,interior,en,"Glove box latch broke, lid will not stay closed. Plate: B-MW 1234"
R002315,powertrain,de,AdBlue-Warnung bleibt trotz Nachfuellen bestehen. Please fix this asap.
R002316,interior,en,"Glove box latch broke, lid will not stay closed."
R002317,interior,en,Driver seat cushion has worn through after 10 months. Plate: B-MW 1234
R002318,display_infotainment,tr,Apple CarPlay her 53 dakikada bir baglantisi kesiliyor.
R002319,powertrain,en,"12v battery drains overnight, car will not start in the morning. Contact me at john.doe@example.com or +49 30 1234567."
R002320,interior,en,Steering wheel heater only warms the lower half of the rim. Plate: B-MW 1234
R002321,interior,en,"Sunroof refuses to close in cold weather, error on dashboard."
R002322,interior,en,Cup holder cracked after 21 months of normal use. Plate: B-MW 1234
R002323,display_infotainment,tr,Geri vites kamerasi siyah ekran gosteriyor.
R002324,display_infotainment,es,La pantalla MBUX se congela durante la navegacion. Mercedes please help.
R002325,powertrain,de,Das 9G-Getriebe schaltet im kalten Zustand sehr hart.
R002326,interior,en,"Dome light stays on after locking the car, drains the 12v battery. VIN: WDB2030461A123456"
R002327,interior,en,"Ambient lighting flickers randomly at night, very distracting."
R002328,interior,en,Mirror auto-dimming feature does not work at night. VIN: WDB2030461A123456
R002329,display_infotainment,en,"MBUX touchscreen freezes during navigation, requires reboot. <p>this is a complaint</p>"
R002330,interior,en,Cup holder cracked after 9 months of normal use.
R002331,display_infotainment,en,Software update OTA failed and bricked the head unit. Mercedes please help.
R002332,powertrain,de,AdBlue-Warnung bleibt trotz Nachfuellen bestehen. !!!!!!
R002333,interior,en,Steering wheel heater only warms the lower half of the rim. Mercedes please help.
R002334,interior,en,Climate control blows cold air on driver side and hot on passenger side.
R002335,interior,en,"Rear seat belt buckle is stuck, cannot release the belt."
R002336,interior,en,Steering wheel heater only warms the lower half of the rim. Please fix this asap.
R002337,display_infotainment,en,Burmester audio system has static noise on right rear speaker.
R002338,display_infotainment,tr,Geri vites kamerasi siyah ekran gosteriyor.
R002339,interior,en,Passenger seat ventilation makes a loud rattling noise on bumpy roads. !!!!!!
R002340,interior,en,Center console armrest is loose and wobbles when leaning on it. Contact me at john.doe@example.com or +49 30 1234567.
R002341,interior,en,"Ambient lighting flickers randomly at night, very distracting."
R002342,interior,en,Cabin filter smells musty even after replacement. Mercedes please help.
R002343,display_infotainment,it,Apple CarPlay si disconnette ogni 52 minuti. <p>this is a complaint</p>
R002344,interior,en,Steering wheel heater only warms the lower half of the rim. Plate: B-MW 1234
R002345,interior,en,Climate control blows cold air on driver side and hot on passenger side. Mercedes please help.
R002346,interior,en,"Rear seat belt buckle is stuck, cannot release the belt. Mercedes please help."
R002347,interior,en,"Ambient lighting flickers randomly at night, very distracting. Mercedes please help."
R002348,interior,en,"Dome light stays on after locking the car, drains the 12v battery. Contact me at john.doe@example.com or +49 30 1234567."
R002349,display_infotainment,en,Software update OTA failed and bricked the head unit. <p>this is a complaint</p>
R002350,interior,en,Steering wheel heater only warms the lower half of the rim. VIN: WDB2030461A123456
R002351,interior,en,The driver seat heater stops working after 4 minutes of driving. Plate: B-MW 1234
R002352,interior,en,Cup holder cracked after 9 months of normal use. Plate: B-MW 1234
R002353,interior,en,Center console armrest is loose and wobbles when leaning on it.
R002354,interior,en,Center console armrest is loose and wobbles when leaning on it. VIN: WDB2030461A123456
R002355,display_infotainment,pl,Asystent glosowy Hey Mercedes nie rozpoznaje polecen.  multiple   spaces   here  
R002356,interior,en,Climate control blows cold air on driver side and hot on passenger side.
R002357,interior,en,"Dome light stays on after locking the car, drains the 12v battery."
R002358,interior,en,"Glove box latch broke, lid will not stay closed. <p>this is a complaint</p>"
R002359,interior,en,"Glove box latch broke, lid will not stay closed."
R002360,interior,en,Climate control blows cold air on driver side and hot on passenger side.  multiple   spaces   here  
R002361,interior,en,"Dome light stays on after locking the car, drains the 12v battery."
R002362,display_infotainment,da,Bluetooth-forbindelsen afbrydes hver gang bilen genstartes.  multiple   spaces   here  
R002363,interior,en,"Rear seat belt buckle is stuck, cannot release the belt. VIN: WDB2030461A123456"
R002364,display_infotainment,da,Bakkamera viser sort skaerm naar jeg saetter i bakgear. <p>this is a complaint</p>
R002365,interior,en,Cup holder cracked after 53 months of normal use.
R002366,interior,en,The driver seat heater stops working after 46 minutes of driving. Plate: B-MW 1234
R002367,powertrain,en,On-board charger refuses to connect with public DC fast chargers.
R002368,interior,en,"Dome light stays on after locking the car, drains the 12v battery."
R002369,interior,en,"Glove box latch broke, lid will not stay closed."
R002370,display_infotainment,tr,MBUX dokunmatik ekran navigasyon sirasinda donuyor.
R002371,interior,en,Passenger seat ventilation makes a loud rattling noise on bumpy roads.
R002372,interior,en,Driver seat cushion has worn through after 52 months.
R002373,interior,en,"Dome light stays on after locking the car, drains the 12v battery."
R002374,interior,en,Power window switch on driver door is unresponsive intermittently.
R002375,powertrain,en,"Coolant leak under the engine bay, sweet smell after driving. Plate: B-MW 1234"
R002376,powertrain,de,"Kuehlmittelverlust unter dem Motor, suesslicher Geruch. Please fix this asap."
R002377,display_infotainment,en,Bluetooth pairing drops every time the car is restarted.  multiple   spaces   here  
R002378,powertrain,de,Reichweite der Hochvoltbatterie ist nach einem Winter um 13 Prozent gesunken.  multiple   spaces   here  
R002379,interior,en,The driver seat heater stops working after 23 minutes of driving.
R002380,display_infotainment,tr,MBUX dokunmatik ekran navigasyon sirasinda donuyor.
R002381,display_infotainment,pl,Asystent glosowy Hey Mercedes nie rozpoznaje polecen. Mercedes please help.
R002382,powertrain,en,Electric motor produces a humming noise when accelerating from stop. !!!!!!
R002383,interior,en,"Glove box latch broke, lid will not stay closed."
R002384,interior,en,Center console armrest is loose and wobbles when leaning on it. Please fix this asap.
R002385,interior,en,Power window switch on driver door is unresponsive intermittently.  multiple   spaces   here  
R002386,display_infotainment,en,Apple CarPlay disconnects every 12 minutes when using maps. Contact me at john.doe@example.com or +49 30 1234567.
R002387,interior,en,Power window switch on driver door is unresponsive intermittently. Contact me at john.doe@example.com or +49 30 1234567.
R002388,powertrain,de,Dieselpartikelfilter-Regeneration schlaegt wiederholt fehl.
R002389,interior,en,Center console armrest is loose and wobbles when leaning on it. Mercedes please help.
R002390,interior,en,"Ambient lighting flickers randomly at night, very distracting. VIN: WDB2030461A123456"
R002391,display_infotainment,en,"MBUX touchscreen freezes during navigation, requires reboot."
R002392,display_infotainment,de,Burmester Soundsystem hat statisches Rauschen am hinteren rechten Lautsprecher. Mercedes please help.
R002393,interior,en,Climate control blows cold air on driver side and hot on passenger side. !!!!!!
R002394,display_infotainment,en,Backup camera shows black screen when reverse is engaged. VIN: WDB2030461A123456
R002395,interior,en,Driver seat cushion has worn through after 29 months. Plate: B-MW 1234
R002396,display_infotainment,it,Lo schermo MBUX si blocca durante la navigazione.
R002397,interior,en,Power window switch on driver door is unresponsive intermittently.  multiple   spaces   here  
R002398,interior,en,"Glove box latch broke, lid will not stay closed. Plate: B-MW 1234"
R002399,interior,en,Cabin filter smells musty even after replacement. !!!!!!
R002400,powertrain,en,EV high voltage battery range dropped 35 percent after one winter. Please fix this asap.
R002401,interior,en,"Ambient lighting flickers randomly at night, very distracting. Please fix this asap."
R002402,interior,en,"Glove box latch broke, lid will not stay closed."
R002403,display_infotainment,en,"MBUX touchscreen freezes during navigation, requires reboot. Mercedes please help."
R002404,interior,en,Passenger seat ventilation makes a loud rattling noise on bumpy roads. !!!!!!
R002405,interior,en,"Sunroof refuses to close in cold weather, error on dashboard. <p>this is a complaint</p>"
R002406,interior,en,"Sunroof refuses to close in cold weather, error on dashboard."
R002407,interior,en,Passenger seat ventilation makes a loud rattling noise on bumpy roads.
R002408,display_infotainment,tr,Geri vites kamerasi siyah ekran gosteriyor.
R002409,display_infotainment,tr,Apple CarPlay her 9 dakikada bir baglantisi kesiliyor. <p>this is a complaint</p>
R002410,display_infotainment,en,Hey Mercedes voice assistant does not recognize commands. Plate: B-MW 1234
R002411,interior,en,"Glove box latch broke, lid will not stay closed.  multiple   spaces   here  "
R002412,display_infotainment,da,Bakkamera viser sort skaerm naar jeg saetter i bakgear.  multiple   spaces   here  
R002413,display_infotainment,it,Apple CarPlay si disconnette ogni 9 minuti. <p>this is a complaint</p>
R002414,interior,en,Power window switch on driver door is unresponsive intermittently. Contact me at john.doe@example.com or +49 30 1234567.
R002415,interior,en,Passenger seat ventilation makes a loud rattling noise on bumpy roads. !!!!!!
R002416,interior,en,Power window switch on driver door is unresponsive intermittently.  multiple   spaces   here  
R002417,interior,en,Mirror auto-dimming feature does not work at night. !!!!!!
R002418,powertrain,de,Der Turbolader pfeift laut bei hoher Drehzahl.
R002419,interior,en,Passenger seat ventilation makes a loud rattling noise on bumpy roads.
R002420,powertrain,de,AdBlue-Warnung bleibt trotz Nachfuellen bestehen. Mercedes please help.
R002421,interior,en,The driver seat heater stops working after 18 minutes of driving.
R002422,interior,en,Passenger seat ventilation makes a loud rattling noise on bumpy roads. Contact me at john.doe@example.com or +49 30 1234567.
R002423,display_infotainment,en,Head-up display flickers in direct sunlight. Plate: B-MW 1234
R002424,interior,en,"Glove box latch broke, lid will not stay closed. Contact me at john.doe@example.com or +49 30 1234567."
R002425,interior,en,Climate control blows cold air on driver side and hot on passenger side.  multiple   spaces   here  
R002426,interior,en,"Dome light stays on after locking the car, drains the 12v battery. !!!!!!"
R002427,interior,en,"Rear seat belt buckle is stuck, cannot release the belt. <p>this is a complaint</p>"
R002428,interior,en,The driver seat heater stops working after 6 minutes of driving.
R002429,interior,en,Power window switch on driver door is unresponsive intermittently.  multiple   spaces   here  
R002430,interior,en,Mirror auto-dimming feature does not work at night. Contact me at john.doe@example.com or +49 30 1234567.
R002431,interior,en,"Glove box latch broke, lid will not stay closed."
R002432,display_infotainment,tr,Geri vites kamerasi siyah ekran gosteriyor. Mercedes please help.
R002433,interior,en,Center console armrest is loose and wobbles when leaning on it. Please fix this asap.
R002434,display_infotainment,da,Bakkamera viser sort skaerm naar jeg saetter i bakgear.
R002435,interior,en,Cabin filter smells musty even after replacement. Contact me at john.doe@example.com or +49 30 1234567.
R002436,interior,en,Steering wheel heater only warms the lower half of the rim. <p>this is a complaint</p>
R002437,display_infotainment,fr,"L ecran MBUX se fige pendant la navigation, redemarrage requis."
R002438,interior,en,The driver seat heater stops working after 26 minutes of driving. <p>this is a complaint</p>
R002439,display_infotainment,de,Drahtloses Ladegeraet ueberhitzt und stoppt das Laden.
R002440,interior,en,Mirror auto-dimming feature does not work at night. Please fix this asap.
R002441,interior,en,Power window switch on driver door is unresponsive intermittently. Mercedes please help.
R002442,interior,en,"Glove box latch broke, lid will not stay closed."
R002443,interior,en,Driver seat cushion has worn through after 23 months.
R002444,display_infotainment,pl,Asystent glosowy Hey Mercedes nie rozpoznaje polecen.  multiple   spaces   here  
R002445,interior,en,"Sunroof refuses to close in cold weather, error on dashboard."
R002446,interior,en,Steering wheel heater only warms the lower half of the rim. !!!!!!
R002447,interior,en,Center console armrest is loose and wobbles when leaning on it. Mercedes please help.
R002448,display_infotainment,tr,Apple CarPlay her 46 dakikada bir baglantisi kesiliyor. Please fix this asap.
R002449,interior,en,Mirror auto-dimming feature does not work at night. !!!!!!
R002450,interior,en,"Sunroof refuses to close in cold weather, error on dashboard."
R002451,interior,en,The driver seat heater stops working after 48 minutes of driving. Plate: B-MW 1234
R002452,interior,en,Steering wheel heater only warms the lower half of the rim.
R002453,display_infotainment,tr,Apple CarPlay her 21 dakikada bir baglantisi kesiliyor. Contact me at john.doe@example.com or +49 30 1234567.
R002454,interior,en,Driver seat cushion has worn through after 53 months. Contact me at john.doe@example.com or +49 30 1234567.
R002455,display_infotainment,en,"MBUX touchscreen freezes during navigation, requires reboot."
R002456,interior,en,Cup holder cracked after 52 months of normal use. <p>this is a complaint</p>
R002457,interior,en,Passenger seat ventilation makes a loud rattling noise on bumpy roads.
R002458,display_infotainment,tr,Geri vites kamerasi siyah ekran gosteriyor. VIN: WDB2030461A123456
R002459,interior,en,"Glove box latch broke, lid will not stay closed. VIN: WDB2030461A123456"
R002460,interior,en,"Dome light stays on after locking the car, drains the 12v battery."
R002461,display_infotainment,en,Apple CarPlay disconnects every 49 minutes when using maps.
R002462,interior,en,The driver seat heater stops working after 32 minutes of driving. Plate: B-MW 1234
R002463,interior,en,Center console armrest is loose and wobbles when leaning on it. !!!!!!
R002464,interior,en,"Ambient lighting flickers randomly at night, very distracting. !!!!!!"
R002465,interior,en,Power window switch on driver door is unresponsive intermittently.  multiple   spaces   here  
R002466,interior,en,"Dome light stays on after locking the car, drains the 12v battery."
R002467,display_infotainment,en,Hey Mercedes voice assistant does not recognize commands.
R002468,interior,en,"Dome light stays on after locking the car, drains the 12v battery.  multiple   spaces   here  "
R002469,interior,en,Passenger seat ventilation makes a loud rattling noise on bumpy roads.  multiple   spaces   here  
R002470,interior,en,Cup holder cracked after 53 months of normal use. <p>this is a complaint</p>
R002471,interior,en,Cup holder cracked after 9 months of normal use. !!!!!!
R002472,interior,en,"Ambient lighting flickers randomly at night, very distracting. Please fix this asap."
R002473,display_infotainment,fr,"L ecran MBUX se fige pendant la navigation, redemarrage requis."
R002474,powertrain,en,"Coolant leak under the engine bay, sweet smell after driving. Please fix this asap."
R002475,interior,en,Power window switch on driver door is unresponsive intermittently.
R002476,powertrain,en,"Coolant leak under the engine bay, sweet smell after driving. <p>this is a complaint</p>"
R002477,interior,en,"Ambient lighting flickers randomly at night, very distracting. Contact me at john.doe@example.com or +49 30 1234567."
R002478,interior,en,"Dome light stays on after locking the car, drains the 12v battery."
R002479,interior,en,Cabin filter smells musty even after replacement. !!!!!!
R002480,interior,en,Cabin filter smells musty even after replacement.
R002481,interior,en,"Rear seat belt buckle is stuck, cannot release the belt."
R002482,interior,en,"Ambient lighting flickers randomly at night, very distracting."
R002483,powertrain,en,Diesel particulate filter regeneration fails repeatedly. Mercedes please help.
R002484,interior,en,Cabin filter smells musty even after replacement.  multiple   spaces   here  
R002485,interior,en,"Ambient lighting flickers randomly at night, very distracting."
R002486,interior,en,Power window switch on driver door is unresponsive intermittently. VIN: WDB2030461A123456
R002487,interior,en,"Sunroof refuses to close in cold weather, error on dashboard."
R002488,interior,en,The driver seat heater stops working after 40 minutes of driving.
R002489,powertrain,en,9G transmission shifts hard between 2nd and 3rd gear when cold. !!!!!!
R002490,display_infotainment,en,GPS navigation routes through closed roads repeatedly. Please fix this asap.
R002491,interior,en,Climate control blows cold air on driver side and hot on passenger side.
R002492,interior,en,Climate control blows cold air on driver side and hot on passenger side.
R002493,interior,en,Driver seat cushion has worn through after 50 months. VIN: WDB2030461A123456
R002494,interior,en,"Rear seat belt buckle is stuck, cannot release the belt.  multiple   spaces   here  "
R002495,interior,en,"Sunroof refuses to close in cold weather, error on dashboard."
R002496,interior,en,Passenger seat ventilation makes a loud rattling noise on bumpy roads.  multiple   spaces   here  
R002497,interior,en,Driver seat cushion has worn through after 60 months. Contact me at john.doe@example.com or +49 30 1234567.
R002498,interior,en,"Ambient lighting flickers randomly at night, very distracting. !!!!!!"
R002499,display_infotainment,en,Apple CarPlay disconnects every 43 minutes when using maps. Please fix this asap.
